file	experiment	replicates	output_name	file_format	output_type	target	biosample_term_name	biosample_term_id	biosample_type	biosample_life_stage	biosample_age	biosample_organism
file-BbJGPG005K4kbyg0Jb6z2XY9	ENCSR027DMG	[1]	rep1_narrowpeaks	bed_narrowPeak	peaks	/targets/H3K36me3-mouse/	embryonic facial prominence	UBERON:0012314	tissue	embryonic	11.5	/organisms/mouse/
file-BbJGJX00bjZXq06vzVf75V1Z	ENCSR027DMG	[2]	rep2_narrowpeaks	bed_narrowPeak	peaks	/targets/H3K36me3-mouse/	embryonic facial prominence	UBERON:0012314	tissue	embryonic	11.5	/organisms/mouse/
file-BbJGx8002907Yg8vY8jJ4Gxy	ENCSR027DMG	[1, 2]	pooled_narrowpeaks	bed_narrowPeak	peaks	/targets/H3K36me3-mouse/	embryonic facial prominence	UBERON:0012314	tissue	embryonic	11.5	/organisms/mouse/
file-BbJGPG005K4Yv9pXVb6f3Bp6	ENCSR027DMG	[1]	rep1_gappedpeaks	bed_gappedPeak	peaks	/targets/H3K36me3-mouse/	embryonic facial prominence	UBERON:0012314	tissue	embryonic	11.5	/organisms/mouse/
file-BbJGJX80bjZfxKk5yVf0ffBp	ENCSR027DMG	[2]	rep2_gappedpeaks	bed_gappedPeak	peaks	/targets/H3K36me3-mouse/	embryonic facial prominence	UBERON:0012314	tissue	embryonic	11.5	/organisms/mouse/
file-BbJGx880290713YqZ8j8v2P3	ENCSR027DMG	[1, 2]	pooled_gappedpeaks	bed_gappedPeak	peaks	/targets/H3K36me3-mouse/	embryonic facial prominence	UBERON:0012314	tissue	embryonic	11.5	/organisms/mouse/
file-BbJGy9Q0GJB3jv51546bQVXv	ENCSR027DMG	[1, 2]	overlapping_peaks	bed_gappedPeak	replicated peaks	/targets/H3K36me3-mouse/	embryonic facial prominence	UBERON:0012314	tissue	embryonic	11.5	/organisms/mouse/
file-BbJGxyj0YKZ8vYJq606b3Kp1	ENCSR027DMG	[1, 2]	overlapping_peaks	bed_narrowPeak	replicated peaks	/targets/H3K36me3-mouse/	embryonic facial prominence	UBERON:0012314	tissue	embryonic	11.5	/organisms/mouse/
file-BbJJp7j0Jy6k7gFFVjj42f9z	ENCSR058DOA	[1]	rep1_narrowpeaks	bed_narrowPeak	peaks	/targets/H3K27ac-mouse/	liver	UBERON:0002107	tissue	embryonic	11.5	/organisms/mouse/
file-BbJJqJQ0J16GqKPfqbf9yPB4	ENCSR058DOA	[2]	rep2_narrowpeaks	bed_narrowPeak	peaks	/targets/H3K27ac-mouse/	liver	UBERON:0002107	tissue	embryonic	11.5	/organisms/mouse/
file-BbJKFBQ0195g13YqZ8j8vfXy	ENCSR058DOA	[1, 2]	pooled_narrowpeaks	bed_narrowPeak	peaks	/targets/H3K27ac-mouse/	liver	UBERON:0002107	tissue	embryonic	11.5	/organisms/mouse/
file-BbJJp7j0Jy6QZQYbbGjP1y1z	ENCSR058DOA	[1]	rep1_gappedpeaks	bed_gappedPeak	peaks	/targets/H3K27ac-mouse/	liver	UBERON:0002107	tissue	embryonic	11.5	/organisms/mouse/
file-BbJJqJQ0J163x0GZkJfK5jPQ	ENCSR058DOA	[2]	rep2_gappedpeaks	bed_gappedPeak	peaks	/targets/H3K27ac-mouse/	liver	UBERON:0002107	tissue	embryonic	11.5	/organisms/mouse/
file-BbJKFBj0195QZQYbbGjP20GP	ENCSR058DOA	[1, 2]	pooled_gappedpeaks	bed_gappedPeak	peaks	/targets/H3K27ac-mouse/	liver	UBERON:0002107	tissue	embryonic	11.5	/organisms/mouse/
file-BbJKGy00vyy57KpkPx6qf0kq	ENCSR058DOA	[1, 2]	overlapping_peaks	bed_gappedPeak	replicated peaks	/targets/H3K27ac-mouse/	liver	UBERON:0002107	tissue	embryonic	11.5	/organisms/mouse/
file-BbJKGPj0pBG90ZkkvJfJ4BKP	ENCSR058DOA	[1, 2]	overlapping_peaks	bed_narrowPeak	replicated peaks	/targets/H3K27ac-mouse/	liver	UBERON:0002107	tissue	embryonic	11.5	/organisms/mouse/
file-BbJGf1j0kqpYv9pXVb6f3K30	ENCSR066LZB	[1]	rep1_narrowpeaks	bed_narrowPeak	peaks	/targets/H3K36me3-mouse/	forebrain	UBERON:0001890	tissue	embryonic	11.5	/organisms/mouse/
file-BbJGfy00x3yy87y2Qb6vKZy9	ENCSR066LZB	[2]	rep2_narrowpeaks	bed_narrowPeak	peaks	/targets/H3K36me3-mouse/	forebrain	UBERON:0001890	tissue	embryonic	11.5	/organisms/mouse/
file-BbJJJFQ08bJ8qQ8jQ8jFF6Z1	ENCSR066LZB	[1, 2]	pooled_narrowpeaks	bed_narrowPeak	peaks	/targets/H3K36me3-mouse/	forebrain	UBERON:0001890	tissue	embryonic	11.5	/organisms/mouse/
file-BbJGf1j0kqpzP3v8P56Xq07V	ENCSR066LZB	[1]	rep1_gappedpeaks	bed_gappedPeak	peaks	/targets/H3K36me3-mouse/	forebrain	UBERON:0001890	tissue	embryonic	11.5	/organisms/mouse/
file-BbJGfy00x3yZBBKZKJ6ZBQ3p	ENCSR066LZB	[2]	rep2_gappedpeaks	bed_gappedPeak	peaks	/targets/H3K36me3-mouse/	forebrain	UBERON:0001890	tissue	embryonic	11.5	/organisms/mouse/
file-BbJJJFQ08bJ97gFFVjj42V3p	ENCSR066LZB	[1, 2]	pooled_gappedpeaks	bed_gappedPeak	peaks	/targets/H3K36me3-mouse/	forebrain	UBERON:0001890	tissue	embryonic	11.5	/organisms/mouse/
file-BbJJK180GfYb7KpkPx6qbqb6	ENCSR066LZB	[1, 2]	overlapping_peaks	bed_gappedPeak	replicated peaks	/targets/H3K36me3-mouse/	forebrain	UBERON:0001890	tissue	embryonic	11.5	/organisms/mouse/
file-BbJJJv80pqxYv9pXVb6f46G8	ENCSR066LZB	[1, 2]	overlapping_peaks	bed_narrowPeak	replicated peaks	/targets/H3K36me3-mouse/	forebrain	UBERON:0001890	tissue	embryonic	11.5	/organisms/mouse/
file-BbJG5jQ0BVZK87y2Qb6vKFvq	ENCSR067ZDE	[1]	rep1_narrowpeaks	bed_narrowPeak	peaks	/targets/H3K4me2-mouse/	forebrain	UBERON:0001890	tissue	embryonic	11.5	/organisms/mouse/
file-BbJGB580Z2y3jv51546bQ99P	ENCSR067ZDE	[2]	rep2_narrowpeaks	bed_narrowPeak	peaks	/targets/H3K4me2-mouse/	forebrain	UBERON:0001890	tissue	embryonic	11.5	/organisms/mouse/
file-BbJGby80b2xZBBKZKJ6ZBPKF	ENCSR067ZDE	[1, 2]	pooled_narrowpeaks	bed_narrowPeak	peaks	/targets/H3K4me2-mouse/	forebrain	UBERON:0001890	tissue	embryonic	11.5	/organisms/mouse/
file-BbJG5k80BVZ57KpkPx6qZXV3	ENCSR067ZDE	[1]	rep1_gappedpeaks	bed_gappedPeak	peaks	/targets/H3K4me2-mouse/	forebrain	UBERON:0001890	tissue	embryonic	11.5	/organisms/mouse/
file-BbJGB5Q0Z2yP3xKg206xq2xk	ENCSR067ZDE	[2]	rep2_gappedpeaks	bed_gappedPeak	peaks	/targets/H3K4me2-mouse/	forebrain	UBERON:0001890	tissue	embryonic	11.5	/organisms/mouse/
file-BbJGby80b2xkbyg0Jb6z2gBF	ENCSR067ZDE	[1, 2]	pooled_gappedpeaks	bed_gappedPeak	peaks	/targets/H3K4me2-mouse/	forebrain	UBERON:0001890	tissue	embryonic	11.5	/organisms/mouse/
file-BbJGfZ009Jb7Yg8vY8jJ4Fbf	ENCSR067ZDE	[1, 2]	overlapping_peaks	bed_gappedPeak	replicated peaks	/targets/H3K4me2-mouse/	forebrain	UBERON:0001890	tissue	embryonic	11.5	/organisms/mouse/
file-BbJGfJQ0jq8pgBQkPQj7Q2B6	ENCSR067ZDE	[1, 2]	overlapping_peaks	bed_narrowPeak	replicated peaks	/targets/H3K4me2-mouse/	forebrain	UBERON:0001890	tissue	embryonic	11.5	/organisms/mouse/
file-BbJKGZ80FyPGqKPfqbf9yXVY	ENCSR076FAM	[1]	rep1_narrowpeaks	bed_narrowPeak	peaks	/targets/H3K9ac-mouse/	embryonic facial prominence	UBERON:0012314	tissue	embryonic	11.5	/organisms/mouse/
file-BbJKJ1Q0jG0vJQ16Gx6V8V1Y	ENCSR076FAM	[2]	rep2_narrowpeaks	bed_narrowPeak	peaks	/targets/H3K9ac-mouse/	embryonic facial prominence	UBERON:0012314	tissue	embryonic	11.5	/organisms/mouse/
file-BbJKqfQ0Y7Q70G41V0jPYQbK	ENCSR076FAM	[1, 2]	pooled_narrowpeaks	bed_narrowPeak	peaks	/targets/H3K9ac-mouse/	embryonic facial prominence	UBERON:0012314	tissue	embryonic	11.5	/organisms/mouse/
file-BbJKGZQ0FyP0q5VBp5f2B4Fp	ENCSR076FAM	[1]	rep1_gappedpeaks	bed_gappedPeak	peaks	/targets/H3K9ac-mouse/	embryonic facial prominence	UBERON:0012314	tissue	embryonic	11.5	/organisms/mouse/
file-BbJKJ1j0jG0ZBBKZKJ6ZG0Y2	ENCSR076FAM	[2]	rep2_gappedpeaks	bed_gappedPeak	peaks	/targets/H3K9ac-mouse/	embryonic facial prominence	UBERON:0012314	tissue	embryonic	11.5	/organisms/mouse/
file-BbJKqfQ0Y7Q713YqZ8j8vkbY	ENCSR076FAM	[1, 2]	pooled_gappedpeaks	bed_gappedPeak	peaks	/targets/H3K9ac-mouse/	embryonic facial prominence	UBERON:0012314	tissue	embryonic	11.5	/organisms/mouse/
file-BbJKx30092j597VzpxfKZYbF	ENCSR076FAM	[1, 2]	overlapping_peaks	bed_gappedPeak	replicated peaks	/targets/H3K9ac-mouse/	embryonic facial prominence	UBERON:0012314	tissue	embryonic	11.5	/organisms/mouse/
file-BbJKv8j0g3Vb97VzpxfKZY05	ENCSR076FAM	[1, 2]	overlapping_peaks	bed_narrowPeak	replicated peaks	/targets/H3K9ac-mouse/	embryonic facial prominence	UBERON:0012314	tissue	embryonic	11.5	/organisms/mouse/
file-BbJGf080gBp3jv51546bQKbX	ENCSR085EYQ	[1]	rep1_narrowpeaks	bed_narrowPeak	peaks	/targets/H3K27me3-mouse/	limb	UBERON:0002101	tissue	embryonic	11.5	/organisms/mouse/
file-BbJGZxQ0bpxvJQ16Gx6V78Fp	ENCSR085EYQ	[2]	rep2_narrowpeaks	bed_narrowPeak	peaks	/targets/H3K27me3-mouse/	limb	UBERON:0002101	tissue	embryonic	11.5	/organisms/mouse/
file-BbJJ8K80B8jgYg8vY8jJ4ZPb	ENCSR085EYQ	[1, 2]	pooled_narrowpeaks	bed_narrowPeak	peaks	/targets/H3K27me3-mouse/	limb	UBERON:0002101	tissue	embryonic	11.5	/organisms/mouse/
file-BbJGf080gBp48B573v6YGfYq	ENCSR085EYQ	[1]	rep1_gappedpeaks	bed_gappedPeak	peaks	/targets/H3K27me3-mouse/	limb	UBERON:0002101	tissue	embryonic	11.5	/organisms/mouse/
file-BbJGZxj0bpxf5fPgXk6X5B29	ENCSR085EYQ	[2]	rep2_gappedpeaks	bed_gappedPeak	peaks	/targets/H3K27me3-mouse/	limb	UBERON:0002101	tissue	embryonic	11.5	/organisms/mouse/
file-BbJJ8KQ0B8jg13YqZ8j8vGfy	ENCSR085EYQ	[1, 2]	pooled_gappedpeaks	bed_gappedPeak	peaks	/targets/H3K27me3-mouse/	limb	UBERON:0002101	tissue	embryonic	11.5	/organisms/mouse/
file-BbJJ9Gj0bK2PP3v8P56XqV5q	ENCSR085EYQ	[1, 2]	overlapping_peaks	bed_gappedPeak	replicated peaks	/targets/H3K27me3-mouse/	limb	UBERON:0002101	tissue	embryonic	11.5	/organisms/mouse/
file-BbJJ92j01kjGJQ16Gx6V7z3P	ENCSR085EYQ	[1, 2]	overlapping_peaks	bed_narrowPeak	replicated peaks	/targets/H3K27me3-mouse/	limb	UBERON:0002101	tissue	embryonic	11.5	/organisms/mouse/
file-BbJK7PQ0jXX90ZkkvJfJ4788	ENCSR088UKA	[1]	rep1_narrowpeaks	bed_narrowPeak	peaks	/targets/H3K27ac-mouse/	midbrain	UBERON:0001891	tissue	embryonic	11.5	/organisms/mouse/
file-BbJK2FQ0gp6pgBQkPQj7QvZj	ENCSR088UKA	[2]	rep2_narrowpeaks	bed_narrowPeak	peaks	/targets/H3K27ac-mouse/	midbrain	UBERON:0001891	tissue	embryonic	11.5	/organisms/mouse/
file-BbJKjvj0vzx9byg0Jb6z3PK5	ENCSR088UKA	[1, 2]	pooled_narrowpeaks	bed_narrowPeak	peaks	/targets/H3K27ac-mouse/	midbrain	UBERON:0001891	tissue	embryonic	11.5	/organisms/mouse/
file-BbJK7Pj0jXX1GFXkx9fK7Ygj	ENCSR088UKA	[1]	rep1_gappedpeaks	bed_gappedPeak	peaks	/targets/H3K27ac-mouse/	midbrain	UBERON:0001891	tissue	embryonic	11.5	/organisms/mouse/
file-BbJK2Fj0gp6jqQ8jQ8jFFBJ6	ENCSR088UKA	[2]	rep2_gappedpeaks	bed_gappedPeak	peaks	/targets/H3K27ac-mouse/	midbrain	UBERON:0001891	tissue	embryonic	11.5	/organisms/mouse/
file-BbJKjx00vzxGJQ16Gx6V8Y4g	ENCSR088UKA	[1, 2]	pooled_gappedpeaks	bed_gappedPeak	peaks	/targets/H3K27ac-mouse/	midbrain	UBERON:0001891	tissue	embryonic	11.5	/organisms/mouse/
file-BbJKkfQ02v62B9K8186xf852	ENCSR088UKA	[1, 2]	overlapping_peaks	bed_gappedPeak	replicated peaks	/targets/H3K27ac-mouse/	midbrain	UBERON:0001891	tissue	embryonic	11.5	/organisms/mouse/
file-BbJKkPj092gzP3v8P56Xv74q	ENCSR088UKA	[1, 2]	overlapping_peaks	bed_narrowPeak	replicated peaks	/targets/H3K27ac-mouse/	midbrain	UBERON:0001891	tissue	embryonic	11.5	/organisms/mouse/
file-BbJKQXQ08bz3v9pXVb6f4yZB	ENCSR115FTP	[1]	rep1_narrowpeaks	bed_narrowPeak	peaks	/targets/H3K4me2-mouse/	limb	UBERON:0002101	tissue	embryonic	11.5	/organisms/mouse/
file-BbJKZKQ0XFG57KpkPx6qf4K8	ENCSR115FTP	[2]	rep2_narrowpeaks	bed_narrowPeak	peaks	/targets/H3K4me2-mouse/	limb	UBERON:0002101	tissue	embryonic	11.5	/organisms/mouse/
file-BbJP36j025Xz3xKg206xvg1K	ENCSR115FTP	[1, 2]	pooled_narrowpeaks	bed_narrowPeak	peaks	/targets/H3K4me2-mouse/	limb	UBERON:0002101	tissue	embryonic	11.5	/organisms/mouse/
file-BbJKQXj08bz4BBKZKJ6ZG1KV	ENCSR115FTP	[1]	rep1_gappedpeaks	bed_gappedPeak	peaks	/targets/H3K4me2-mouse/	limb	UBERON:0002101	tissue	embryonic	11.5	/organisms/mouse/
file-BbJKZKQ0XFG9byg0Jb6z3JBf	ENCSR115FTP	[2]	rep2_gappedpeaks	bed_gappedPeak	peaks	/targets/H3K4me2-mouse/	limb	UBERON:0002101	tissue	embryonic	11.5	/organisms/mouse/
file-BbJP370025XVk1P6zj639b3p	ENCSR115FTP	[1, 2]	pooled_gappedpeaks	bed_gappedPeak	peaks	/targets/H3K4me2-mouse/	limb	UBERON:0002101	tissue	embryonic	11.5	/organisms/mouse/
file-BbJP4380jJvvJQ16Gx6V8fQz	ENCSR115FTP	[1, 2]	overlapping_peaks	bed_gappedPeak	replicated peaks	/targets/H3K4me2-mouse/	limb	UBERON:0002101	tissue	embryonic	11.5	/organisms/mouse/
file-BbJP3vj0y6bb7KpkPx6qfKg5	ENCSR115FTP	[1, 2]	overlapping_peaks	bed_narrowPeak	replicated peaks	/targets/H3K4me2-mouse/	limb	UBERON:0002101	tissue	embryonic	11.5	/organisms/mouse/
file-BbJKbG00X2Vy87y2Qb6vPkVb	ENCSR129LAP	[1]	rep1_narrowpeaks	bed_narrowPeak	peaks	/targets/H3K27ac-mouse/	hindbrain	UBERON:0002028	tissue	embryonic	11.5	/organisms/mouse/
file-BbJKZ0Q082b8vYJq606b47y0	ENCSR129LAP	[2]	rep2_narrowpeaks	bed_narrowPeak	peaks	/targets/H3K27ac-mouse/	hindbrain	UBERON:0002028	tissue	embryonic	11.5	/organisms/mouse/
file-BbJP5z007kX70G41V0jPYZB5	ENCSR129LAP	[1, 2]	pooled_narrowpeaks	bed_narrowPeak	peaks	/targets/H3K27ac-mouse/	hindbrain	UBERON:0002028	tissue	embryonic	11.5	/organisms/mouse/
file-BbJKbG00X2VYv9pXVb6f4zKp	ENCSR129LAP	[1]	rep1_gappedpeaks	bed_gappedPeak	peaks	/targets/H3K27ac-mouse/	hindbrain	UBERON:0002028	tissue	embryonic	11.5	/organisms/mouse/
file-BbJKZ0j082b2B9K8186xf6PB	ENCSR129LAP	[2]	rep2_gappedpeaks	bed_gappedPeak	peaks	/targets/H3K27ac-mouse/	hindbrain	UBERON:0002028	tissue	embryonic	11.5	/organisms/mouse/
file-BbJP5z807kX7Yg8vY8jJ5BYz	ENCSR129LAP	[1, 2]	pooled_gappedpeaks	bed_gappedPeak	peaks	/targets/H3K27ac-mouse/	hindbrain	UBERON:0002028	tissue	embryonic	11.5	/organisms/mouse/
file-BbJP6bj0FQG3v9pXVb6f541B	ENCSR129LAP	[1, 2]	overlapping_peaks	bed_gappedPeak	replicated peaks	/targets/H3K27ac-mouse/	hindbrain	UBERON:0002028	tissue	embryonic	11.5	/organisms/mouse/
file-BbJP6Kj01k9fxKk5yVf0j22g	ENCSR129LAP	[1, 2]	overlapping_peaks	bed_narrowPeak	replicated peaks	/targets/H3K27ac-mouse/	hindbrain	UBERON:0002028	tissue	embryonic	11.5	/organisms/mouse/
file-BbJGbp804FvjqQ8jQ8jFBB2G	ENCSR175QZX	[1]	rep1_narrowpeaks	bed_narrowPeak	peaks	/targets/H3K36me3-mouse/	hindbrain	UBERON:0002028	tissue	embryonic	11.5	/organisms/mouse/
file-BbJGgX00q9zVk1P6zj638fkK	ENCSR175QZX	[2]	rep2_narrowpeaks	bed_narrowPeak	peaks	/targets/H3K36me3-mouse/	hindbrain	UBERON:0002028	tissue	embryonic	11.5	/organisms/mouse/
file-BbJJKXj05bbk7gFFVjj42VJq	ENCSR175QZX	[1, 2]	pooled_narrowpeaks	bed_narrowPeak	peaks	/targets/H3K36me3-mouse/	hindbrain	UBERON:0002028	tissue	embryonic	11.5	/organisms/mouse/
file-BbJGbpQ04FvbJPFBXQj22VZJ	ENCSR175QZX	[1]	rep1_gappedpeaks	bed_gappedPeak	peaks	/targets/H3K36me3-mouse/	hindbrain	UBERON:0002028	tissue	embryonic	11.5	/organisms/mouse/
file-BbJGgX80q9zYjv51546bQKj1	ENCSR175QZX	[2]	rep2_gappedpeaks	bed_gappedPeak	peaks	/targets/H3K36me3-mouse/	hindbrain	UBERON:0002028	tissue	embryonic	11.5	/organisms/mouse/
file-BbJJKXj05bbQZQYbbGjP1vFF	ENCSR175QZX	[1, 2]	pooled_gappedpeaks	bed_gappedPeak	peaks	/targets/H3K36me3-mouse/	hindbrain	UBERON:0002028	tissue	embryonic	11.5	/organisms/mouse/
file-BbJJPbj03JB8vYJq606b3x5k	ENCSR175QZX	[1, 2]	overlapping_peaks	bed_gappedPeak	replicated peaks	/targets/H3K36me3-mouse/	hindbrain	UBERON:0002028	tissue	embryonic	11.5	/organisms/mouse/
file-BbJJP90079Q0ZQYbbGjP1vV1	ENCSR175QZX	[1, 2]	overlapping_peaks	bed_narrowPeak	replicated peaks	/targets/H3K36me3-mouse/	hindbrain	UBERON:0002028	tissue	embryonic	11.5	/organisms/mouse/
file-BbJPB3805j248B573v6YKX51	ENCSR222IHX	[1]	rep1_narrowpeaks	bed_narrowPeak	peaks	/targets/H3K27ac-mouse/	heart	UBERON:0000948	tissue	embryonic	11.5	/organisms/mouse/
file-BbJP9yj0xkp97gFFVjj4351V	ENCSR222IHX	[2]	rep2_narrowpeaks	bed_narrowPeak	peaks	/targets/H3K27ac-mouse/	heart	UBERON:0000948	tissue	embryonic	11.5	/organisms/mouse/
file-BbJPff005yf4BBKZKJ6ZGFQq	ENCSR222IHX	[1, 2]	pooled_narrowpeaks	bed_narrowPeak	peaks	/targets/H3K27ac-mouse/	heart	UBERON:0000948	tissue	embryonic	11.5	/organisms/mouse/
file-BbJPB3805j25XYKp2v6Z0jqJ	ENCSR222IHX	[1]	rep1_gappedpeaks	bed_gappedPeak	peaks	/targets/H3K27ac-mouse/	heart	UBERON:0000948	tissue	embryonic	11.5	/organisms/mouse/
file-BbJP9z00xkp97gFFVjj4351Y	ENCSR222IHX	[2]	rep2_gappedpeaks	bed_gappedPeak	peaks	/targets/H3K27ac-mouse/	heart	UBERON:0000948	tissue	embryonic	11.5	/organisms/mouse/
file-BbJPff805yf3v9pXVb6f58XG	ENCSR222IHX	[1, 2]	pooled_gappedpeaks	bed_gappedPeak	peaks	/targets/H3K27ac-mouse/	heart	UBERON:0000948	tissue	embryonic	11.5	/organisms/mouse/
file-BbJPgPj00vkYv9pXVb6f58pb	ENCSR222IHX	[1, 2]	overlapping_peaks	bed_gappedPeak	replicated peaks	/targets/H3K27ac-mouse/	heart	UBERON:0000948	tissue	embryonic	11.5	/organisms/mouse/
file-BbJPgB00kxy8vYJq606b4VGj	ENCSR222IHX	[1, 2]	overlapping_peaks	bed_narrowPeak	replicated peaks	/targets/H3K27ac-mouse/	heart	UBERON:0000948	tissue	embryonic	11.5	/organisms/mouse/
file-BbJGpp005JyBgBQkPQj7Q46J	ENCSR240OUM	[1]	rep1_narrowpeaks	bed_narrowPeak	peaks	/targets/H3K27me3-mouse/	neural tube	UBERON:0001049	tissue	embryonic	11.5	/organisms/mouse/
file-BbJGv9j0jQ7b97VzpxfKYbGk	ENCSR240OUM	[2]	rep2_narrowpeaks	bed_narrowPeak	peaks	/targets/H3K27me3-mouse/	neural tube	UBERON:0001049	tissue	embryonic	11.5	/organisms/mouse/
file-BbJJ9JQ0k3g2B9K8186xbFGf	ENCSR240OUM	[1, 2]	pooled_narrowpeaks	bed_narrowPeak	peaks	/targets/H3K27me3-mouse/	neural tube	UBERON:0001049	tissue	embryonic	11.5	/organisms/mouse/
file-BbJGpp805Jy0ZQYbbGjP16Jf	ENCSR240OUM	[1]	rep1_gappedpeaks	bed_gappedPeak	peaks	/targets/H3K27me3-mouse/	neural tube	UBERON:0001049	tissue	embryonic	11.5	/organisms/mouse/
file-BbJGvB00jQ7Xq06vzVf75pK6	ENCSR240OUM	[2]	rep2_gappedpeaks	bed_gappedPeak	peaks	/targets/H3K27me3-mouse/	neural tube	UBERON:0001049	tissue	embryonic	11.5	/organisms/mouse/
file-BbJJ9Jj0k3g5XYKp2v6Z00pg	ENCSR240OUM	[1, 2]	pooled_gappedpeaks	bed_gappedPeak	peaks	/targets/H3K27me3-mouse/	neural tube	UBERON:0001049	tissue	embryonic	11.5	/organisms/mouse/
file-BbJJB9j074Kf5fPgXk6X668P	ENCSR240OUM	[1, 2]	overlapping_peaks	bed_gappedPeak	replicated peaks	/targets/H3K27me3-mouse/	neural tube	UBERON:0001049	tissue	embryonic	11.5	/organisms/mouse/
file-BbJJ9y80b3Kf5fPgXk6X65qZ	ENCSR240OUM	[1, 2]	overlapping_peaks	bed_narrowPeak	replicated peaks	/targets/H3K27me3-mouse/	neural tube	UBERON:0001049	tissue	embryonic	11.5	/organisms/mouse/
file-BbJGk8Q0y1FGJQ16Gx6V7Ff6	ENCSR244KCW	[1]	rep1_narrowpeaks	bed_narrowPeak	peaks	/targets/H3K27me3-mouse/	liver	UBERON:0002107	tissue	embryonic	11.5	/organisms/mouse/
file-BbJGpp00QvqX7y9Y0Q6y4G3z	ENCSR244KCW	[2]	rep2_narrowpeaks	bed_narrowPeak	peaks	/targets/H3K27me3-mouse/	liver	UBERON:0002107	tissue	embryonic	11.5	/organisms/mouse/
file-BbJJ8200Bk22q06vzVf7611B	ENCSR244KCW	[1, 2]	pooled_narrowpeaks	bed_narrowPeak	peaks	/targets/H3K27me3-mouse/	liver	UBERON:0002107	tissue	embryonic	11.5	/organisms/mouse/
file-BbJGk8j0y1F4BBKZKJ6ZBXBz	ENCSR244KCW	[1]	rep1_gappedpeaks	bed_gappedPeak	peaks	/targets/H3K27me3-mouse/	liver	UBERON:0002107	tissue	embryonic	11.5	/organisms/mouse/
file-BbJGpp00QvqjvYJq606b3Jfp	ENCSR244KCW	[2]	rep2_gappedpeaks	bed_gappedPeak	peaks	/targets/H3K27me3-mouse/	liver	UBERON:0002107	tissue	embryonic	11.5	/organisms/mouse/
file-BbJJ8200Bk22q06vzVf7611G	ENCSR244KCW	[1, 2]	pooled_gappedpeaks	bed_gappedPeak	peaks	/targets/H3K27me3-mouse/	liver	UBERON:0002107	tissue	embryonic	11.5	/organisms/mouse/
file-BbJJ900013p0q5VBp5f29PPK	ENCSR244KCW	[1, 2]	overlapping_peaks	bed_gappedPeak	replicated peaks	/targets/H3K27me3-mouse/	liver	UBERON:0002107	tissue	embryonic	11.5	/organisms/mouse/
file-BbJJ8pj0ZV76xKk5yVf0g9q2	ENCSR244KCW	[1, 2]	overlapping_peaks	bed_narrowPeak	replicated peaks	/targets/H3K27me3-mouse/	liver	UBERON:0002107	tissue	embryonic	11.5	/organisms/mouse/
file-BbJKpG80JkQ597VzpxfKZXXK	ENCSR261OAK	[1]	rep1_narrowpeaks	bed_narrowPeak	peaks	/targets/H3K4me2-mouse/	midbrain	UBERON:0001891	tissue	embryonic	11.5	/organisms/mouse/
file-BbJKx2802ffbJPFBXQj23Zz0	ENCSR261OAK	[2]	rep2_narrowpeaks	bed_narrowPeak	peaks	/targets/H3K4me2-mouse/	midbrain	UBERON:0001891	tissue	embryonic	11.5	/organisms/mouse/
file-BbJPPv00G06Xq06vzVf76kVV	ENCSR261OAK	[1, 2]	pooled_narrowpeaks	bed_narrowPeak	peaks	/targets/H3K4me2-mouse/	midbrain	UBERON:0001891	tissue	embryonic	11.5	/organisms/mouse/
file-BbJKpG80JkQ597VzpxfKZXXQ	ENCSR261OAK	[1]	rep1_gappedpeaks	bed_gappedPeak	peaks	/targets/H3K4me2-mouse/	midbrain	UBERON:0001891	tissue	embryonic	11.5	/organisms/mouse/
file-BbJKx2Q02ffQZQYbbGjP25Qf	ENCSR261OAK	[2]	rep2_gappedpeaks	bed_gappedPeak	peaks	/targets/H3K4me2-mouse/	midbrain	UBERON:0001891	tissue	embryonic	11.5	/organisms/mouse/
file-BbJPPv80G06Xq06vzVf76kVb	ENCSR261OAK	[1, 2]	pooled_gappedpeaks	bed_gappedPeak	peaks	/targets/H3K4me2-mouse/	midbrain	UBERON:0001891	tissue	embryonic	11.5	/organisms/mouse/
file-BbJPQZ00G2XbJPFBXQj23y6x	ENCSR261OAK	[1, 2]	overlapping_peaks	bed_gappedPeak	replicated peaks	/targets/H3K4me2-mouse/	midbrain	UBERON:0001891	tissue	embryonic	11.5	/organisms/mouse/
file-BbJPQK004pP2B9K8186xfGBy	ENCSR261OAK	[1, 2]	overlapping_peaks	bed_narrowPeak	replicated peaks	/targets/H3K4me2-mouse/	midbrain	UBERON:0001891	tissue	embryonic	11.5	/organisms/mouse/
file-BbJj9Y80vYQX7y9Y0Q6y79k9	ENCSR275KPI	[1]	rep1_narrowpeaks	bed_narrowPeak	peaks	/targets/H3K27ac-mouse/	forebrain	UBERON:0001890	tissue	embryonic	11.5	/organisms/mouse/
file-BbJjBk80QGK0q5VBp5f2J7yz	ENCSR275KPI	[2]	rep2_narrowpeaks	bed_narrowPeak	peaks	/targets/H3K27ac-mouse/	forebrain	UBERON:0001890	tissue	embryonic	11.5	/organisms/mouse/
file-BbJjqp802Jz48B573v6YQ9xb	ENCSR275KPI	[1, 2]	pooled_narrowpeaks	bed_narrowPeak	peaks	/targets/H3K27ac-mouse/	forebrain	UBERON:0001890	tissue	embryonic	11.5	/organisms/mouse/
file-BbJj9Y80vYQbXYKp2v6Z2x5P	ENCSR275KPI	[1]	rep1_gappedpeaks	bed_gappedPeak	peaks	/targets/H3K27ac-mouse/	forebrain	UBERON:0001890	tissue	embryonic	11.5	/organisms/mouse/
file-BbJjBk80QGK6xKk5yVf0k6VX	ENCSR275KPI	[2]	rep2_gappedpeaks	bed_gappedPeak	peaks	/targets/H3K27ac-mouse/	forebrain	UBERON:0001890	tissue	embryonic	11.5	/organisms/mouse/
file-BbJjqp802Jz2B9K8186xj2z1	ENCSR275KPI	[1, 2]	pooled_gappedpeaks	bed_gappedPeak	peaks	/targets/H3K27ac-mouse/	forebrain	UBERON:0001890	tissue	embryonic	11.5	/organisms/mouse/
file-BbJjvXj0xZp27y9Y0Q6y7fFb	ENCSR275KPI	[1, 2]	overlapping_peaks	bed_gappedPeak	replicated peaks	/targets/H3K27ac-mouse/	forebrain	UBERON:0001890	tissue	embryonic	11.5	/organisms/mouse/
file-BbJjvBj05jq48B573v6YQG6b	ENCSR275KPI	[1, 2]	overlapping_peaks	bed_narrowPeak	replicated peaks	/targets/H3K27ac-mouse/	forebrain	UBERON:0001890	tissue	embryonic	11.5	/organisms/mouse/
file-BbJKvf80Jp82B9K8186xf8P2	ENCSR283RFW	[1]	rep1_narrowpeaks	bed_narrowPeak	peaks	/targets/H3K4me3-mouse/	midbrain	UBERON:0001891	tissue	embryonic	11.5	/organisms/mouse/
file-BbJKvKj03jv6xKk5yVf0gpGv	ENCSR283RFW	[2]	rep2_narrowpeaks	bed_narrowPeak	peaks	/targets/H3K4me3-mouse/	midbrain	UBERON:0001891	tissue	embryonic	11.5	/organisms/mouse/
file-BbJPGX80FgPBgBQkPQj7VJkb	ENCSR283RFW	[1, 2]	pooled_narrowpeaks	bed_narrowPeak	peaks	/targets/H3K4me3-mouse/	midbrain	UBERON:0001891	tissue	embryonic	11.5	/organisms/mouse/
file-BbJKvfQ0Jp85XYKp2v6Z0Y42	ENCSR283RFW	[1]	rep1_gappedpeaks	bed_gappedPeak	peaks	/targets/H3K4me3-mouse/	midbrain	UBERON:0001891	tissue	embryonic	11.5	/organisms/mouse/
file-BbJKvP003jv597VzpxfKZY41	ENCSR283RFW	[2]	rep2_gappedpeaks	bed_gappedPeak	peaks	/targets/H3K4me3-mouse/	midbrain	UBERON:0001891	tissue	embryonic	11.5	/organisms/mouse/
file-BbJPGX80FgPBgBQkPQj7VJkg	ENCSR283RFW	[1, 2]	pooled_gappedpeaks	bed_gappedPeak	peaks	/targets/H3K4me3-mouse/	midbrain	UBERON:0001891	tissue	embryonic	11.5	/organisms/mouse/
file-BbJPJ600Qz6Z8B573v6YKYFV	ENCSR283RFW	[1, 2]	overlapping_peaks	bed_gappedPeak	replicated peaks	/targets/H3K4me3-mouse/	midbrain	UBERON:0001891	tissue	embryonic	11.5	/organisms/mouse/
file-BbJPJ2j05kX2q06vzVf76kGx	ENCSR283RFW	[1, 2]	overlapping_peaks	bed_narrowPeak	replicated peaks	/targets/H3K4me3-mouse/	midbrain	UBERON:0001891	tissue	embryonic	11.5	/organisms/mouse/
file-BbJP7p806y5ZBBKZKJ6ZG96g	ENCSR286IGS	[1]	rep1_narrowpeaks	bed_narrowPeak	peaks	/targets/H3K9ac-mouse/	limb	UBERON:0002101	tissue	embryonic	11.5	/organisms/mouse/
file-BbJP5F80bk2b97VzpxfKZp8G	ENCSR286IGS	[2]	rep2_narrowpeaks	bed_narrowPeak	peaks	/targets/H3K9ac-mouse/	limb	UBERON:0002101	tissue	embryonic	11.5	/organisms/mouse/
file-BbJPkv00V1zb97VzpxfKZv72	ENCSR286IGS	[1, 2]	pooled_narrowpeaks	bed_narrowPeak	peaks	/targets/H3K9ac-mouse/	limb	UBERON:0002101	tissue	embryonic	11.5	/organisms/mouse/
file-BbJP7pQ06y5y87y2Qb6vQ1G3	ENCSR286IGS	[1]	rep1_gappedpeaks	bed_gappedPeak	peaks	/targets/H3K9ac-mouse/	limb	UBERON:0002101	tissue	embryonic	11.5	/organisms/mouse/
file-BbJP5FQ0bk2fxKk5yVf0j1k5	ENCSR286IGS	[2]	rep2_gappedpeaks	bed_gappedPeak	peaks	/targets/H3K9ac-mouse/	limb	UBERON:0002101	tissue	embryonic	11.5	/organisms/mouse/
file-BbJPkv00V1zQq5VBp5f2Bk4Y	ENCSR286IGS	[1, 2]	pooled_gappedpeaks	bed_gappedPeak	peaks	/targets/H3K9ac-mouse/	limb	UBERON:0002101	tissue	embryonic	11.5	/organisms/mouse/
file-BbJPqKQ0PbfK87y2Qb6vQ5PZ	ENCSR286IGS	[1, 2]	overlapping_peaks	bed_gappedPeak	replicated peaks	/targets/H3K9ac-mouse/	limb	UBERON:0002101	tissue	embryonic	11.5	/organisms/mouse/
file-BbJPpy00Zy3jqQ8jQ8jFFvv7	ENCSR286IGS	[1, 2]	overlapping_peaks	bed_narrowPeak	replicated peaks	/targets/H3K9ac-mouse/	limb	UBERON:0002101	tissue	embryonic	11.5	/organisms/mouse/
file-BbJPfX80pK148B573v6YKZjK	ENCSR299NCJ	[1]	rep1_narrowpeaks	bed_narrowPeak	peaks	/targets/H3K9me3-mouse/	hindbrain	UBERON:0002028	tissue	embryonic	11.5	/organisms/mouse/
file-BbJPfVQ0J206xKk5yVf0j3Pk	ENCSR299NCJ	[2]	rep2_narrowpeaks	bed_narrowPeak	peaks	/targets/H3K9me3-mouse/	hindbrain	UBERON:0002028	tissue	embryonic	11.5	/organisms/mouse/
file-BbJQB1804kFXB9K8186xfKpF	ENCSR299NCJ	[1, 2]	pooled_narrowpeaks	bed_narrowPeak	peaks	/targets/H3K9me3-mouse/	hindbrain	UBERON:0002028	tissue	embryonic	11.5	/organisms/mouse/
file-BbJPfXQ0pK13jv51546bVyFg	ENCSR299NCJ	[1]	rep1_gappedpeaks	bed_gappedPeak	peaks	/targets/H3K9me3-mouse/	hindbrain	UBERON:0002028	tissue	embryonic	11.5	/organisms/mouse/
file-BbJPfVj0J20GqKPfqbf9yvQ2	ENCSR299NCJ	[2]	rep2_gappedpeaks	bed_gappedPeak	peaks	/targets/H3K9me3-mouse/	hindbrain	UBERON:0002028	tissue	embryonic	11.5	/organisms/mouse/
file-BbJQB1Q04kFjvYJq606b4Z5y	ENCSR299NCJ	[1, 2]	pooled_gappedpeaks	bed_gappedPeak	peaks	/targets/H3K9me3-mouse/	hindbrain	UBERON:0002028	tissue	embryonic	11.5	/organisms/mouse/
file-BbJQBf006jy48B573v6YKfp1	ENCSR299NCJ	[1, 2]	overlapping_peaks	bed_gappedPeak	replicated peaks	/targets/H3K9me3-mouse/	hindbrain	UBERON:0002028	tissue	embryonic	11.5	/organisms/mouse/
file-BbJQBX00FQv9byg0Jb6z3x9b	ENCSR299NCJ	[1, 2]	overlapping_peaks	bed_narrowPeak	replicated peaks	/targets/H3K9me3-mouse/	hindbrain	UBERON:0002028	tissue	embryonic	11.5	/organisms/mouse/
file-BbJPjk00K83pgBQkPQj7VKqZ	ENCSR311TLE	[1]	rep1_narrowpeaks	bed_narrowPeak	peaks	/targets/H3K9me3-mouse/	midbrain	UBERON:0001891	tissue	embryonic	11.5	/organisms/mouse/
file-BbJPxQ007FbVk1P6zj639vV5	ENCSR311TLE	[2]	rep2_narrowpeaks	bed_narrowPeak	peaks	/targets/H3K9me3-mouse/	midbrain	UBERON:0001891	tissue	embryonic	11.5	/organisms/mouse/
file-BbJQfvQ0YY4XB9K8186xfPjK	ENCSR311TLE	[1, 2]	pooled_narrowpeaks	bed_narrowPeak	peaks	/targets/H3K9me3-mouse/	midbrain	UBERON:0001891	tissue	embryonic	11.5	/organisms/mouse/
file-BbJPjk80K83gYg8vY8jJ5QQF	ENCSR311TLE	[1]	rep1_gappedpeaks	bed_gappedPeak	peaks	/targets/H3K9me3-mouse/	midbrain	UBERON:0001891	tissue	embryonic	11.5	/organisms/mouse/
file-BbJPxQ807FbZ8B573v6YKbXq	ENCSR311TLE	[2]	rep2_gappedpeaks	bed_gappedPeak	peaks	/targets/H3K9me3-mouse/	midbrain	UBERON:0001891	tissue	embryonic	11.5	/organisms/mouse/
file-BbJQfvQ0YY4X7y9Y0Q6y66jb	ENCSR311TLE	[1, 2]	pooled_gappedpeaks	bed_gappedPeak	peaks	/targets/H3K9me3-mouse/	midbrain	UBERON:0001891	tissue	embryonic	11.5	/organisms/mouse/
file-BbJQgPj0G68gYg8vY8jJ5Yv4	ENCSR311TLE	[1, 2]	overlapping_peaks	bed_gappedPeak	replicated peaks	/targets/H3K9me3-mouse/	midbrain	UBERON:0001891	tissue	embryonic	11.5	/organisms/mouse/
file-BbJQgG009Yjkbyg0Jb6z3ykz	ENCSR311TLE	[1, 2]	overlapping_peaks	bed_narrowPeak	replicated peaks	/targets/H3K9me3-mouse/	midbrain	UBERON:0001891	tissue	embryonic	11.5	/organisms/mouse/
file-BbJKZvQ0kpZf5fPgXk6X6ZjQ	ENCSR320CCJ	[1]	rep1_narrowpeaks	bed_narrowPeak	peaks	/targets/H3K4me3-mouse/	embryonic facial prominence	UBERON:0012314	tissue	embryonic	11.5	/organisms/mouse/
file-BbJKgQ00kq18vYJq606b488z	ENCSR320CCJ	[2]	rep2_narrowpeaks	bed_narrowPeak	peaks	/targets/H3K4me3-mouse/	embryonic facial prominence	UBERON:0012314	tissue	embryonic	11.5	/organisms/mouse/
file-BbJP4x00584k0ZkkvJfJ4XqG	ENCSR320CCJ	[1, 2]	pooled_narrowpeaks	bed_narrowPeak	peaks	/targets/H3K4me3-mouse/	embryonic facial prominence	UBERON:0012314	tissue	embryonic	11.5	/organisms/mouse/
file-BbJKZvj0kpZYv9pXVb6f4zJ0	ENCSR320CCJ	[1]	rep1_gappedpeaks	bed_gappedPeak	peaks	/targets/H3K4me3-mouse/	embryonic facial prominence	UBERON:0012314	tissue	embryonic	11.5	/organisms/mouse/
file-BbJKgQ80kq11k1P6zj639QXp	ENCSR320CCJ	[2]	rep2_gappedpeaks	bed_gappedPeak	peaks	/targets/H3K4me3-mouse/	embryonic facial prominence	UBERON:0012314	tissue	embryonic	11.5	/organisms/mouse/
file-BbJP4x00584Xq06vzVf76gFY	ENCSR320CCJ	[1, 2]	pooled_gappedpeaks	bed_gappedPeak	peaks	/targets/H3K4me3-mouse/	embryonic facial prominence	UBERON:0012314	tissue	embryonic	11.5	/organisms/mouse/
file-BbJP5Q80P2570G41V0jPYZ9j	ENCSR320CCJ	[1, 2]	overlapping_peaks	bed_gappedPeak	replicated peaks	/targets/H3K4me3-mouse/	embryonic facial prominence	UBERON:0012314	tissue	embryonic	11.5	/organisms/mouse/
file-BbJP5GQ07yKb7KpkPx6qfP34	ENCSR320CCJ	[1, 2]	overlapping_peaks	bed_narrowPeak	replicated peaks	/targets/H3K4me3-mouse/	embryonic facial prominence	UBERON:0012314	tissue	embryonic	11.5	/organisms/mouse/
file-BbJPFQQ0g7Q1k1P6zj639pgY	ENCSR323NOC	[1]	rep1_narrowpeaks	bed_narrowPeak	peaks	/targets/H3K4me2-mouse/	hindbrain	UBERON:0002028	tissue	embryonic	11.5	/organisms/mouse/
file-BbJPBz80Y6F4BBKZKJ6ZGBpX	ENCSR323NOC	[2]	rep2_narrowpeaks	bed_narrowPeak	peaks	/targets/H3K4me2-mouse/	hindbrain	UBERON:0002028	tissue	embryonic	11.5	/organisms/mouse/
file-BbJPpz00ZgGK87y2Qb6vQ5P6	ENCSR323NOC	[1, 2]	pooled_narrowpeaks	bed_narrowPeak	peaks	/targets/H3K4me2-mouse/	hindbrain	UBERON:0002028	tissue	embryonic	11.5	/organisms/mouse/
file-BbJPFQQ0g7QP3xKg206xvjV2	ENCSR323NOC	[1]	rep1_gappedpeaks	bed_gappedPeak	peaks	/targets/H3K4me2-mouse/	hindbrain	UBERON:0002028	tissue	embryonic	11.5	/organisms/mouse/
file-BbJPBzQ0Y6F57KpkPx6qfV10	ENCSR323NOC	[2]	rep2_gappedpeaks	bed_gappedPeak	peaks	/targets/H3K4me2-mouse/	hindbrain	UBERON:0002028	tissue	embryonic	11.5	/organisms/mouse/
file-BbJPpz00ZgG57KpkPx6qfZK8	ENCSR323NOC	[1, 2]	pooled_gappedpeaks	bed_gappedPeak	peaks	/targets/H3K4me2-mouse/	hindbrain	UBERON:0002028	tissue	embryonic	11.5	/organisms/mouse/
file-BbJPqz00pypVk1P6zj639vQK	ENCSR323NOC	[1, 2]	overlapping_peaks	bed_gappedPeak	replicated peaks	/targets/H3K4me2-mouse/	hindbrain	UBERON:0002028	tissue	embryonic	11.5	/organisms/mouse/
file-BbJPqkQ0BGPy87y2Qb6vQ5Q4	ENCSR323NOC	[1, 2]	overlapping_peaks	bed_narrowPeak	replicated peaks	/targets/H3K4me2-mouse/	hindbrain	UBERON:0002028	tissue	embryonic	11.5	/organisms/mouse/
file-BbJGvV00v2Yy87y2Qb6vKk4x	ENCSR375GSG	[1]	rep1_narrowpeaks	bed_narrowPeak	peaks	/targets/H3K27me3-mouse/	hindbrain	UBERON:0002028	tissue	embryonic	11.5	/organisms/mouse/
file-BbJGq4Q0BfZ0q5VBp5f2925k	ENCSR375GSG	[2]	rep2_narrowpeaks	bed_narrowPeak	peaks	/targets/H3K27me3-mouse/	hindbrain	UBERON:0002028	tissue	embryonic	11.5	/organisms/mouse/
file-BbJJ98Q03kbP3xKg206xv2j7	ENCSR375GSG	[1, 2]	pooled_narrowpeaks	bed_narrowPeak	peaks	/targets/H3K27me3-mouse/	hindbrain	UBERON:0002028	tissue	embryonic	11.5	/organisms/mouse/
file-BbJGvV00v2Yb7KpkPx6qb5vK	ENCSR375GSG	[1]	rep1_gappedpeaks	bed_gappedPeak	peaks	/targets/H3K27me3-mouse/	hindbrain	UBERON:0002028	tissue	embryonic	11.5	/organisms/mouse/
file-BbJGq4j0BfZ90ZkkvJfJ3ggx	ENCSR375GSG	[2]	rep2_gappedpeaks	bed_gappedPeak	peaks	/targets/H3K27me3-mouse/	hindbrain	UBERON:0002028	tissue	embryonic	11.5	/organisms/mouse/
file-BbJJ98j03kb48B573v6YJJG4	ENCSR375GSG	[1, 2]	pooled_gappedpeaks	bed_gappedPeak	peaks	/targets/H3K27me3-mouse/	hindbrain	UBERON:0002028	tissue	embryonic	11.5	/organisms/mouse/
file-BbJJB300p1GBgBQkPQj7Qf97	ENCSR375GSG	[1, 2]	overlapping_peaks	bed_gappedPeak	replicated peaks	/targets/H3K27me3-mouse/	hindbrain	UBERON:0002028	tissue	embryonic	11.5	/organisms/mouse/
file-BbJJ9k800K0f5fPgXk6X65q7	ENCSR375GSG	[1, 2]	overlapping_peaks	bed_narrowPeak	replicated peaks	/targets/H3K27me3-mouse/	hindbrain	UBERON:0002028	tissue	embryonic	11.5	/organisms/mouse/
file-BbJjKYQ0zjqjvYJq606b5g8g	ENCSR400TGE	[1]	rep1_narrowpeaks	bed_narrowPeak	peaks	/targets/H3K9ac-mouse/	forebrain	UBERON:0001890	tissue	embryonic	11.5	/organisms/mouse/
file-BbJjKxj0j5fQZQYbbGjP3j3q	ENCSR400TGE	[2]	rep2_narrowpeaks	bed_narrowPeak	peaks	/targets/H3K9ac-mouse/	forebrain	UBERON:0001890	tissue	embryonic	11.5	/organisms/mouse/
file-BbJk18j036ZvJQ16Gx6VBXJ4	ENCSR400TGE	[1, 2]	pooled_narrowpeaks	bed_narrowPeak	peaks	/targets/H3K9ac-mouse/	forebrain	UBERON:0001890	tissue	embryonic	11.5	/organisms/mouse/
file-BbJjKYQ0zjqX7y9Y0Q6y7FbB	ENCSR400TGE	[1]	rep1_gappedpeaks	bed_gappedPeak	peaks	/targets/H3K9ac-mouse/	forebrain	UBERON:0001890	tissue	embryonic	11.5	/organisms/mouse/
file-BbJjKy00j5fg13YqZ8j8y4x8	ENCSR400TGE	[2]	rep2_gappedpeaks	bed_gappedPeak	peaks	/targets/H3K9ac-mouse/	forebrain	UBERON:0001890	tissue	embryonic	11.5	/organisms/mouse/
file-BbJk190036ZvJQ16Gx6VBXJB	ENCSR400TGE	[1, 2]	pooled_gappedpeaks	bed_gappedPeak	peaks	/targets/H3K9ac-mouse/	forebrain	UBERON:0001890	tissue	embryonic	11.5	/organisms/mouse/
file-BbJk25805bYGJQ16Gx6VBZQ0	ENCSR400TGE	[1, 2]	overlapping_peaks	bed_gappedPeak	replicated peaks	/targets/H3K9ac-mouse/	forebrain	UBERON:0001890	tissue	embryonic	11.5	/organisms/mouse/
file-BbJk1pj03BJK87y2Qb6vXJJZ	ENCSR400TGE	[1, 2]	overlapping_peaks	bed_narrowPeak	replicated peaks	/targets/H3K9ac-mouse/	forebrain	UBERON:0001890	tissue	embryonic	11.5	/organisms/mouse/
file-BbJKVgQ07zz90ZkkvJfJ4FXB	ENCSR401GRX	[1]	rep1_narrowpeaks	bed_narrowPeak	peaks	/targets/H3K27ac-mouse/	embryonic facial prominence	UBERON:0012314	tissue	embryonic	11.5	/organisms/mouse/
file-BbJKXG00443597VzpxfKZQ3f	ENCSR401GRX	[2]	rep2_narrowpeaks	bed_narrowPeak	peaks	/targets/H3K27ac-mouse/	embryonic facial prominence	UBERON:0012314	tissue	embryonic	11.5	/organisms/mouse/
file-BbJP3980597X7y9Y0Q6y5xk9	ENCSR401GRX	[1, 2]	pooled_narrowpeaks	bed_narrowPeak	peaks	/targets/H3K27ac-mouse/	embryonic facial prominence	UBERON:0012314	tissue	embryonic	11.5	/organisms/mouse/
file-BbJKVgQ07zz1GFXkx9fK7gBX	ENCSR401GRX	[1]	rep1_gappedpeaks	bed_gappedPeak	peaks	/targets/H3K27ac-mouse/	embryonic facial prominence	UBERON:0012314	tissue	embryonic	11.5	/organisms/mouse/
file-BbJKXG804430q5VBp5f2B5pF	ENCSR401GRX	[2]	rep2_gappedpeaks	bed_gappedPeak	peaks	/targets/H3K27ac-mouse/	embryonic facial prominence	UBERON:0012314	tissue	embryonic	11.5	/organisms/mouse/
file-BbJP39Q0597Vk1P6zj639b7F	ENCSR401GRX	[1, 2]	pooled_gappedpeaks	bed_gappedPeak	peaks	/targets/H3K27ac-mouse/	embryonic facial prominence	UBERON:0012314	tissue	embryonic	11.5	/organisms/mouse/
file-BbJP4100xq1GJQ16Gx6V8fQq	ENCSR401GRX	[1, 2]	overlapping_peaks	bed_gappedPeak	replicated peaks	/targets/H3K27ac-mouse/	embryonic facial prominence	UBERON:0012314	tissue	embryonic	11.5	/organisms/mouse/
file-BbJP3jQ03gy0q5VBp5f2BV9x	ENCSR401GRX	[1, 2]	overlapping_peaks	bed_narrowPeak	replicated peaks	/targets/H3K27ac-mouse/	embryonic facial prominence	UBERON:0012314	tissue	embryonic	11.5	/organisms/mouse/
file-BbJPYVj0Y9B8vYJq606b4QfF	ENCSR406VPQ	[1]	rep1_narrowpeaks	bed_narrowPeak	peaks	/targets/H3K4me2-mouse/	embryonic facial prominence	UBERON:0012314	tissue	embryonic	11.5	/organisms/mouse/
file-BbJPZp80BFyf5fPgXk6X6vgJ	ENCSR406VPQ	[2]	rep2_narrowpeaks	bed_narrowPeak	peaks	/targets/H3K4me2-mouse/	embryonic facial prominence	UBERON:0012314	tissue	embryonic	11.5	/organisms/mouse/
file-BbJQ39Q0qp5bJPFBXQj240GV	ENCSR406VPQ	[1, 2]	pooled_narrowpeaks	bed_narrowPeak	peaks	/targets/H3K4me2-mouse/	embryonic facial prominence	UBERON:0012314	tissue	embryonic	11.5	/organisms/mouse/
file-BbJPYX00Y9B8vYJq606b4QfK	ENCSR406VPQ	[1]	rep1_gappedpeaks	bed_gappedPeak	peaks	/targets/H3K4me2-mouse/	embryonic facial prominence	UBERON:0012314	tissue	embryonic	11.5	/organisms/mouse/
file-BbJPZp80BFykbyg0Jb6z3q54	ENCSR406VPQ	[2]	rep2_gappedpeaks	bed_gappedPeak	peaks	/targets/H3K4me2-mouse/	embryonic facial prominence	UBERON:0012314	tissue	embryonic	11.5	/organisms/mouse/
file-BbJQ39j0qp5QZQYbbGjP2Kzg	ENCSR406VPQ	[1, 2]	pooled_gappedpeaks	bed_gappedPeak	peaks	/targets/H3K4me2-mouse/	embryonic facial prominence	UBERON:0012314	tissue	embryonic	11.5	/organisms/mouse/
file-BbJQ4180G07Qq5VBp5f2Bkjb	ENCSR406VPQ	[1, 2]	overlapping_peaks	bed_gappedPeak	replicated peaks	/targets/H3K4me2-mouse/	embryonic facial prominence	UBERON:0012314	tissue	embryonic	11.5	/organisms/mouse/
file-BbJQ3kQ0gXBz3xKg206xvqG2	ENCSR406VPQ	[1, 2]	overlapping_peaks	bed_narrowPeak	replicated peaks	/targets/H3K4me2-mouse/	embryonic facial prominence	UBERON:0012314	tissue	embryonic	11.5	/organisms/mouse/
file-BbJGyg00vVBjvYJq606b3P5B	ENCSR419MSI	[1]	rep1_narrowpeaks	bed_narrowPeak	peaks	/targets/H3K4me1-mouse/	liver	UBERON:0002107	tissue	embryonic	11.5	/organisms/mouse/
file-BbJGyK805Q7y87y2Qb6vKq6G	ENCSR419MSI	[2]	rep2_narrowpeaks	bed_narrowPeak	peaks	/targets/H3K4me1-mouse/	liver	UBERON:0002107	tissue	embryonic	11.5	/organisms/mouse/
file-BbJJFFj0Jk870G41V0jPXpBj	ENCSR419MSI	[1, 2]	pooled_narrowpeaks	bed_narrowPeak	peaks	/targets/H3K4me1-mouse/	liver	UBERON:0002107	tissue	embryonic	11.5	/organisms/mouse/
file-BbJGyg80vVBZ8B573v6YJ2Zj	ENCSR419MSI	[1]	rep1_gappedpeaks	bed_gappedPeak	peaks	/targets/H3K4me1-mouse/	liver	UBERON:0002107	tissue	embryonic	11.5	/organisms/mouse/
file-BbJGyKQ05Q7ZBBKZKJ6ZBvBG	ENCSR419MSI	[2]	rep2_gappedpeaks	bed_gappedPeak	peaks	/targets/H3K4me1-mouse/	liver	UBERON:0002107	tissue	embryonic	11.5	/organisms/mouse/
file-BbJJFG00Jk85JPFBXQj2342f	ENCSR419MSI	[1, 2]	pooled_gappedpeaks	bed_gappedPeak	peaks	/targets/H3K4me1-mouse/	liver	UBERON:0002107	tissue	embryonic	11.5	/organisms/mouse/
file-BbJJGP80j4ybJPFBXQj23670	ENCSR419MSI	[1, 2]	overlapping_peaks	bed_gappedPeak	replicated peaks	/targets/H3K4me1-mouse/	liver	UBERON:0002107	tissue	embryonic	11.5	/organisms/mouse/
file-BbJJG1j04q8jqQ8jQ8jFF3gq	ENCSR419MSI	[1, 2]	overlapping_peaks	bed_narrowPeak	replicated peaks	/targets/H3K4me1-mouse/	liver	UBERON:0002107	tissue	embryonic	11.5	/organisms/mouse/
file-BbJPBG80qgK3jv51546bVvPv	ENCSR427OZM	[1]	rep1_narrowpeaks	bed_narrowPeak	peaks	/targets/H3K4me3-mouse/	neural tube	UBERON:0001049	tissue	embryonic	11.5	/organisms/mouse/
file-BbJP9K00BZX2q06vzVf76j49	ENCSR427OZM	[2]	rep2_narrowpeaks	bed_narrowPeak	peaks	/targets/H3K4me3-mouse/	neural tube	UBERON:0001049	tissue	embryonic	11.5	/organisms/mouse/
file-BbJPfjQ0kB4QZQYbbGjP2KJ9	ENCSR427OZM	[1, 2]	pooled_narrowpeaks	bed_narrowPeak	peaks	/targets/H3K4me3-mouse/	neural tube	UBERON:0001049	tissue	embryonic	11.5	/organisms/mouse/
file-BbJPBG80qgKP3xKg206xvj5G	ENCSR427OZM	[1]	rep1_gappedpeaks	bed_gappedPeak	peaks	/targets/H3K4me3-mouse/	neural tube	UBERON:0001049	tissue	embryonic	11.5	/organisms/mouse/
file-BbJP9K80BZX0q5VBp5f2BY5x	ENCSR427OZM	[2]	rep2_gappedpeaks	bed_gappedPeak	peaks	/targets/H3K4me3-mouse/	neural tube	UBERON:0001049	tissue	embryonic	11.5	/organisms/mouse/
file-BbJPfjQ0kB4QZQYbbGjP2KJF	ENCSR427OZM	[1, 2]	pooled_gappedpeaks	bed_gappedPeak	peaks	/targets/H3K4me3-mouse/	neural tube	UBERON:0001049	tissue	embryonic	11.5	/organisms/mouse/
file-BbJPgZj0Z8VK87y2Qb6vQ5JP	ENCSR427OZM	[1, 2]	overlapping_peaks	bed_gappedPeak	replicated peaks	/targets/H3K4me3-mouse/	neural tube	UBERON:0001049	tissue	embryonic	11.5	/organisms/mouse/
file-BbJPgVQ0YGjbJPFBXQj23zJ6	ENCSR427OZM	[1, 2]	overlapping_peaks	bed_narrowPeak	replicated peaks	/targets/H3K4me3-mouse/	neural tube	UBERON:0001049	tissue	embryonic	11.5	/organisms/mouse/
file-BbJGyk80xXZQZQYbbGjP18xp	ENCSR445UYH	[1]	rep1_narrowpeaks	bed_narrowPeak	peaks	/targets/H3K36me3-mouse/	neural tube	UBERON:0001049	tissue	embryonic	11.5	/organisms/mouse/
file-BbJJ0X80BZZg0G41V0jPXJ6K	ENCSR445UYH	[2]	rep2_narrowpeaks	bed_narrowPeak	peaks	/targets/H3K36me3-mouse/	neural tube	UBERON:0001049	tissue	embryonic	11.5	/organisms/mouse/
file-BbJJFQj0QZvbJPFBXQj2349j	ENCSR445UYH	[1, 2]	pooled_narrowpeaks	bed_narrowPeak	peaks	/targets/H3K36me3-mouse/	neural tube	UBERON:0001049	tissue	embryonic	11.5	/organisms/mouse/
file-BbJGykQ0xXZk7gFFVjj42294	ENCSR445UYH	[1]	rep1_gappedpeaks	bed_gappedPeak	peaks	/targets/H3K36me3-mouse/	neural tube	UBERON:0001049	tissue	embryonic	11.5	/organisms/mouse/
file-BbJJ0X80BZZk7gFFVjj423p5	ENCSR445UYH	[2]	rep2_gappedpeaks	bed_gappedPeak	peaks	/targets/H3K36me3-mouse/	neural tube	UBERON:0001049	tissue	embryonic	11.5	/organisms/mouse/
file-BbJJFV00QZvjqQ8jQ8jFF2Jy	ENCSR445UYH	[1, 2]	pooled_gappedpeaks	bed_gappedPeak	peaks	/targets/H3K36me3-mouse/	neural tube	UBERON:0001049	tissue	embryonic	11.5	/organisms/mouse/
file-BbJJGx00b1x57KpkPx6qbpzg	ENCSR445UYH	[1, 2]	overlapping_peaks	bed_gappedPeak	replicated peaks	/targets/H3K36me3-mouse/	neural tube	UBERON:0001049	tissue	embryonic	11.5	/organisms/mouse/
file-BbJJGgj0FpFb7KpkPx6qbppk	ENCSR445UYH	[1, 2]	overlapping_peaks	bed_narrowPeak	replicated peaks	/targets/H3K36me3-mouse/	neural tube	UBERON:0001049	tissue	embryonic	11.5	/organisms/mouse/
file-BbJPJz80gZf2B9K8186xfG7Z	ENCSR447DOF	[1]	rep1_narrowpeaks	bed_narrowPeak	peaks	/targets/H3K4me3-mouse/	liver	UBERON:0002107	tissue	embryonic	11.5	/organisms/mouse/
file-BbJPGJ00jpBy87y2Qb6vQ3X0	ENCSR447DOF	[2]	rep2_narrowpeaks	bed_narrowPeak	peaks	/targets/H3K4me3-mouse/	liver	UBERON:0002107	tissue	embryonic	11.5	/organisms/mouse/
file-BbJPp3j0yV33jv51546bVyZ1	ENCSR447DOF	[1, 2]	pooled_narrowpeaks	bed_narrowPeak	peaks	/targets/H3K4me3-mouse/	liver	UBERON:0002107	tissue	embryonic	11.5	/organisms/mouse/
file-BbJPJzQ0gZf1k1P6zj639qB4	ENCSR447DOF	[1]	rep1_gappedpeaks	bed_gappedPeak	peaks	/targets/H3K4me3-mouse/	liver	UBERON:0002107	tissue	embryonic	11.5	/organisms/mouse/
file-BbJPGJ00jpBy87y2Qb6vQ3X2	ENCSR447DOF	[2]	rep2_gappedpeaks	bed_gappedPeak	peaks	/targets/H3K4me3-mouse/	liver	UBERON:0002107	tissue	embryonic	11.5	/organisms/mouse/
file-BbJPp400yV35XYKp2v6Z0v7f	ENCSR447DOF	[1, 2]	pooled_gappedpeaks	bed_gappedPeak	peaks	/targets/H3K4me3-mouse/	liver	UBERON:0002107	tissue	embryonic	11.5	/organisms/mouse/
file-BbJPpg00Z8j57KpkPx6qfZJY	ENCSR447DOF	[1, 2]	overlapping_peaks	bed_gappedPeak	replicated peaks	/targets/H3K4me3-mouse/	liver	UBERON:0002107	tissue	embryonic	11.5	/organisms/mouse/
file-BbJPpY80Bj4jqQ8jQ8jFFvv0	ENCSR447DOF	[1, 2]	overlapping_peaks	bed_narrowPeak	replicated peaks	/targets/H3K4me3-mouse/	liver	UBERON:0002107	tissue	embryonic	11.5	/organisms/mouse/
file-BbJJ3vj039Z70G41V0jPXQk9	ENCSR448TTC	[1]	rep1_narrowpeaks	bed_narrowPeak	peaks	/targets/H3K4me1-mouse/	neural tube	UBERON:0001049	tissue	embryonic	11.5	/organisms/mouse/
file-BbJJ52Q02yV5JPFBXQj22qGZ	ENCSR448TTC	[2]	rep2_narrowpeaks	bed_narrowPeak	peaks	/targets/H3K4me1-mouse/	neural tube	UBERON:0001049	tissue	embryonic	11.5	/organisms/mouse/
file-BbJJVFQ0XV1kbyg0Jb6z38f5	ENCSR448TTC	[1, 2]	pooled_narrowpeaks	bed_narrowPeak	peaks	/targets/H3K4me1-mouse/	neural tube	UBERON:0001049	tissue	embryonic	11.5	/organisms/mouse/
file-BbJJ3vj039Z0ZQYbbGjP1Q6z	ENCSR448TTC	[1]	rep1_gappedpeaks	bed_gappedPeak	peaks	/targets/H3K4me1-mouse/	neural tube	UBERON:0001049	tissue	embryonic	11.5	/organisms/mouse/
file-BbJJ52j02yV97gFFVjj4260B	ENCSR448TTC	[2]	rep2_gappedpeaks	bed_gappedPeak	peaks	/targets/H3K4me1-mouse/	neural tube	UBERON:0001049	tissue	embryonic	11.5	/organisms/mouse/
file-BbJJVFj0XV1b7KpkPx6qbv87	ENCSR448TTC	[1, 2]	pooled_gappedpeaks	bed_gappedPeak	peaks	/targets/H3K4me1-mouse/	neural tube	UBERON:0001049	tissue	embryonic	11.5	/organisms/mouse/
file-BbJJXpj0B1Jg13YqZ8j8vY8k	ENCSR448TTC	[1, 2]	overlapping_peaks	bed_gappedPeak	replicated peaks	/targets/H3K4me1-mouse/	neural tube	UBERON:0001049	tissue	embryonic	11.5	/organisms/mouse/
file-BbJJXbQ0pPy3jv51546bV99P	ENCSR448TTC	[1, 2]	overlapping_peaks	bed_narrowPeak	replicated peaks	/targets/H3K4me1-mouse/	neural tube	UBERON:0001049	tissue	embryonic	11.5	/organisms/mouse/
file-BbJjpxQ0Q0G2B9K8186xj1yk	ENCSR450ITF	[1]	rep1_narrowpeaks	bed_narrowPeak	peaks	/targets/H3K4me1-mouse/	midbrain	UBERON:0001891	tissue	embryonic	11.5	/organisms/mouse/
file-BbJjv9Q00kpk0ZkkvJfJ60Ky	ENCSR450ITF	[2]	rep2_narrowpeaks	bed_narrowPeak	peaks	/targets/H3K4me1-mouse/	midbrain	UBERON:0001891	tissue	embryonic	11.5	/organisms/mouse/
file-BbJk8J00ppy2B9K8186xkJp1	ENCSR450ITF	[1, 2]	pooled_narrowpeaks	bed_narrowPeak	peaks	/targets/H3K4me1-mouse/	midbrain	UBERON:0001891	tissue	embryonic	11.5	/organisms/mouse/
file-BbJjpxj0Q0G48B573v6YQ7Fz	ENCSR450ITF	[1]	rep1_gappedpeaks	bed_gappedPeak	peaks	/targets/H3K4me1-mouse/	midbrain	UBERON:0001891	tissue	embryonic	11.5	/organisms/mouse/
file-BbJjv9j00kpYx0GZkJfK80kQ	ENCSR450ITF	[2]	rep2_gappedpeaks	bed_gappedPeak	peaks	/targets/H3K4me1-mouse/	midbrain	UBERON:0001891	tissue	embryonic	11.5	/organisms/mouse/
file-BbJk8J00ppy5XYKp2v6Z48FB	ENCSR450ITF	[1, 2]	pooled_gappedpeaks	bed_gappedPeak	peaks	/targets/H3K4me1-mouse/	midbrain	UBERON:0001891	tissue	embryonic	11.5	/organisms/mouse/
file-BbJk9600x9xP3xKg206xzfF6	ENCSR450ITF	[1, 2]	overlapping_peaks	bed_gappedPeak	replicated peaks	/targets/H3K4me1-mouse/	midbrain	UBERON:0001891	tissue	embryonic	11.5	/organisms/mouse/
file-BbJk9200gg797gFFVjj46vk8	ENCSR450ITF	[1, 2]	overlapping_peaks	bed_narrowPeak	replicated peaks	/targets/H3K4me1-mouse/	midbrain	UBERON:0001891	tissue	embryonic	11.5	/organisms/mouse/
file-BbJQFgQ0zf1P3xKg206xvvgZ	ENCSR463GJL	[1]	rep1_narrowpeaks	bed_narrowPeak	peaks	/targets/H3K9me3-mouse/	heart	UBERON:0000948	tissue	embryonic	11.5	/organisms/mouse/
file-BbJQZ080q91XB9K8186xfPb5	ENCSR463GJL	[2]	rep2_narrowpeaks	bed_narrowPeak	peaks	/targets/H3K9me3-mouse/	heart	UBERON:0000948	tissue	embryonic	11.5	/organisms/mouse/
file-BbJV3kj0fg59byg0Jb6z40VZ	ENCSR463GJL	[1, 2]	pooled_narrowpeaks	bed_narrowPeak	peaks	/targets/H3K9me3-mouse/	heart	UBERON:0000948	tissue	embryonic	11.5	/organisms/mouse/
file-BbJQFgj0zf18vYJq606b4ZPK	ENCSR463GJL	[1]	rep1_gappedpeaks	bed_gappedPeak	peaks	/targets/H3K9me3-mouse/	heart	UBERON:0000948	tissue	embryonic	11.5	/organisms/mouse/
file-BbJQZ080q91jvYJq606b4f2J	ENCSR463GJL	[2]	rep2_gappedpeaks	bed_gappedPeak	peaks	/targets/H3K9me3-mouse/	heart	UBERON:0000948	tissue	embryonic	11.5	/organisms/mouse/
file-BbJV3kj0fg5GJQ16Gx6V8xQ2	ENCSR463GJL	[1, 2]	pooled_gappedpeaks	bed_gappedPeak	peaks	/targets/H3K9me3-mouse/	heart	UBERON:0000948	tissue	embryonic	11.5	/organisms/mouse/
file-BbJV4X00qg9vqKPfqbf9z1gY	ENCSR463GJL	[1, 2]	overlapping_peaks	bed_gappedPeak	replicated peaks	/targets/H3K9me3-mouse/	heart	UBERON:0000948	tissue	embryonic	11.5	/organisms/mouse/
file-BbJV4Gj0X5y1GFXkx9fK8JFJ	ENCSR463GJL	[1, 2]	overlapping_peaks	bed_narrowPeak	replicated peaks	/targets/H3K9me3-mouse/	heart	UBERON:0000948	tissue	embryonic	11.5	/organisms/mouse/
file-BbJQJ380vFvb7KpkPx6qfbxb	ENCSR466ZQC	[1]	rep1_narrowpeaks	bed_narrowPeak	peaks	/targets/H3K9me3-mouse/	neural tube	UBERON:0001049	tissue	embryonic	11.5	/organisms/mouse/
file-BbJQJx00pYp5XYKp2v6Z0y1B	ENCSR466ZQC	[2]	rep2_narrowpeaks	bed_narrowPeak	peaks	/targets/H3K9me3-mouse/	neural tube	UBERON:0001049	tissue	embryonic	11.5	/organisms/mouse/
file-BbJQy2Q06q13v9pXVb6f5Fy3	ENCSR466ZQC	[1, 2]	pooled_narrowpeaks	bed_narrowPeak	peaks	/targets/H3K9me3-mouse/	neural tube	UBERON:0001049	tissue	embryonic	11.5	/organisms/mouse/
file-BbJQJ3Q0vFvzP3v8P56XvY6g	ENCSR466ZQC	[1]	rep1_gappedpeaks	bed_gappedPeak	peaks	/targets/H3K9me3-mouse/	neural tube	UBERON:0001049	tissue	embryonic	11.5	/organisms/mouse/
file-BbJQJx80pYp8vYJq606b4b1Q	ENCSR466ZQC	[2]	rep2_gappedpeaks	bed_gappedPeak	peaks	/targets/H3K9me3-mouse/	neural tube	UBERON:0001049	tissue	embryonic	11.5	/organisms/mouse/
file-BbJQy2j06q1GJQ16Gx6V8vyQ	ENCSR466ZQC	[1, 2]	pooled_gappedpeaks	bed_gappedPeak	peaks	/targets/H3K9me3-mouse/	neural tube	UBERON:0001049	tissue	embryonic	11.5	/organisms/mouse/
file-BbJQyq80YqF713YqZ8j8x440	ENCSR466ZQC	[1, 2]	overlapping_peaks	bed_gappedPeak	replicated peaks	/targets/H3K9me3-mouse/	neural tube	UBERON:0001049	tissue	embryonic	11.5	/organisms/mouse/
file-BbJQygQ0v3f7Yg8vY8jJ5ZFF	ENCSR466ZQC	[1, 2]	overlapping_peaks	bed_narrowPeak	replicated peaks	/targets/H3K9me3-mouse/	neural tube	UBERON:0001049	tissue	embryonic	11.5	/organisms/mouse/
file-BbJQJg802Q88qQ8jQ8jFFyzP	ENCSR489HYX	[1]	rep1_narrowpeaks	bed_narrowPeak	peaks	/targets/H3K4me2-mouse/	neural tube	UBERON:0001049	tissue	embryonic	11.5	/organisms/mouse/
file-BbJQK680vpQjvYJq606b4b1q	ENCSR489HYX	[2]	rep2_narrowpeaks	bed_narrowPeak	peaks	/targets/H3K4me2-mouse/	neural tube	UBERON:0001049	tissue	embryonic	11.5	/organisms/mouse/
file-BbJV1gQ0vy73x0GZkJfK6G1f	ENCSR489HYX	[1, 2]	pooled_narrowpeaks	bed_narrowPeak	peaks	/targets/H3K4me2-mouse/	neural tube	UBERON:0001049	tissue	embryonic	11.5	/organisms/mouse/
file-BbJQJgQ02Q870G41V0jPYj1B	ENCSR489HYX	[1]	rep1_gappedpeaks	bed_gappedPeak	peaks	/targets/H3K4me2-mouse/	neural tube	UBERON:0001049	tissue	embryonic	11.5	/organisms/mouse/
file-BbJQK6Q0vpQjvYJq606b4b1x	ENCSR489HYX	[2]	rep2_gappedpeaks	bed_gappedPeak	peaks	/targets/H3K4me2-mouse/	neural tube	UBERON:0001049	tissue	embryonic	11.5	/organisms/mouse/
file-BbJV1gQ0vy7597VzpxfKb291	ENCSR489HYX	[1, 2]	pooled_gappedpeaks	bed_gappedPeak	peaks	/targets/H3K4me2-mouse/	neural tube	UBERON:0001049	tissue	embryonic	11.5	/organisms/mouse/
file-BbJV2J003yYg13YqZ8j8x44f	ENCSR489HYX	[1, 2]	overlapping_peaks	bed_gappedPeak	replicated peaks	/targets/H3K4me2-mouse/	neural tube	UBERON:0001049	tissue	embryonic	11.5	/organisms/mouse/
file-BbJV29j061b5XYKp2v6Z0ykQ	ENCSR489HYX	[1, 2]	overlapping_peaks	bed_narrowPeak	replicated peaks	/targets/H3K4me2-mouse/	neural tube	UBERON:0001049	tissue	embryonic	11.5	/organisms/mouse/
file-BbJPv180GBfkbyg0Jb6z3qbZ	ENCSR502WUI	[1]	rep1_narrowpeaks	bed_narrowPeak	peaks	/targets/H3K9ac-mouse/	midbrain	UBERON:0001891	tissue	embryonic	11.5	/organisms/mouse/
file-BbJQ5J004ZjjqQ8jQ8jFFxGv	ENCSR502WUI	[2]	rep2_narrowpeaks	bed_narrowPeak	peaks	/targets/H3K9ac-mouse/	midbrain	UBERON:0001891	tissue	embryonic	11.5	/organisms/mouse/
file-BbJQY1Q078Qk7gFFVjj43BV3	ENCSR502WUI	[1, 2]	pooled_narrowpeaks	bed_narrowPeak	peaks	/targets/H3K9ac-mouse/	midbrain	UBERON:0001891	tissue	embryonic	11.5	/organisms/mouse/
file-BbJPv180GBfy87y2Qb6vQ5Q8	ENCSR502WUI	[1]	rep1_gappedpeaks	bed_gappedPeak	peaks	/targets/H3K9ac-mouse/	midbrain	UBERON:0001891	tissue	embryonic	11.5	/organisms/mouse/
file-BbJQ5J804ZjQZQYbbGjP2P01	ENCSR502WUI	[2]	rep2_gappedpeaks	bed_gappedPeak	peaks	/targets/H3K9ac-mouse/	midbrain	UBERON:0001891	tissue	embryonic	11.5	/organisms/mouse/
file-BbJQY1j078QQZQYbbGjP2Pyz	ENCSR502WUI	[1, 2]	pooled_gappedpeaks	bed_gappedPeak	peaks	/targets/H3K9ac-mouse/	midbrain	UBERON:0001891	tissue	embryonic	11.5	/organisms/mouse/
file-BbJQZ100KF9g13YqZ8j8x3kG	ENCSR502WUI	[1, 2]	overlapping_peaks	bed_gappedPeak	replicated peaks	/targets/H3K9ac-mouse/	midbrain	UBERON:0001891	tissue	embryonic	11.5	/organisms/mouse/
file-BbJQYvQ0ZPbk7gFFVjj43BVj	ENCSR502WUI	[1, 2]	overlapping_peaks	bed_narrowPeak	replicated peaks	/targets/H3K9ac-mouse/	midbrain	UBERON:0001891	tissue	embryonic	11.5	/organisms/mouse/
file-BbJJ1b80qZg0ZQYbbGjP1Jbb	ENCSR511WPK	[1]	rep1_narrowpeaks	bed_narrowPeak	peaks	/targets/H3K4me1-mouse/	embryonic facial prominence	UBERON:0012314	tissue	embryonic	11.5	/organisms/mouse/
file-BbJJ1X801ZJkbyg0Jb6z2xfk	ENCSR511WPK	[2]	rep2_narrowpeaks	bed_narrowPeak	peaks	/targets/H3K4me1-mouse/	embryonic facial prominence	UBERON:0012314	tissue	embryonic	11.5	/organisms/mouse/
file-BbJJGvQ0KX1597VzpxfKZ5QV	ENCSR511WPK	[1, 2]	pooled_narrowpeaks	bed_narrowPeak	peaks	/targets/H3K4me1-mouse/	embryonic facial prominence	UBERON:0012314	tissue	embryonic	11.5	/organisms/mouse/
file-BbJJ1b80qZg70G41V0jPXJFK	ENCSR511WPK	[1]	rep1_gappedpeaks	bed_gappedPeak	peaks	/targets/H3K4me1-mouse/	embryonic facial prominence	UBERON:0012314	tissue	embryonic	11.5	/organisms/mouse/
file-BbJJ1X801ZJvJQ16Gx6V7gPJ	ENCSR511WPK	[2]	rep2_gappedpeaks	bed_gappedPeak	peaks	/targets/H3K4me1-mouse/	embryonic facial prominence	UBERON:0012314	tissue	embryonic	11.5	/organisms/mouse/
file-BbJJGvj0KX13x0GZkJfK5fXQ	ENCSR511WPK	[1, 2]	pooled_gappedpeaks	bed_gappedPeak	peaks	/targets/H3K4me1-mouse/	embryonic facial prominence	UBERON:0012314	tissue	embryonic	11.5	/organisms/mouse/
file-BbJJK180Vxy1k1P6zj63958F	ENCSR511WPK	[1, 2]	overlapping_peaks	bed_gappedPeak	replicated peaks	/targets/H3K4me1-mouse/	embryonic facial prominence	UBERON:0012314	tissue	embryonic	11.5	/organisms/mouse/
file-BbJJJgj0XPG7Yg8vY8jJ4qG7	ENCSR511WPK	[1, 2]	overlapping_peaks	bed_narrowPeak	replicated peaks	/targets/H3K4me1-mouse/	embryonic facial prominence	UBERON:0012314	tissue	embryonic	11.5	/organisms/mouse/
file-BbJQV8804xyGqKPfqbf9yzVG	ENCSR526JRI	[1]	rep1_narrowpeaks	bed_narrowPeak	peaks	/targets/H3K9me3-mouse/	embryonic facial prominence	UBERON:0012314	tissue	embryonic	11.5	/organisms/mouse/
file-BbJQPZQ0vp59byg0Jb6z3y8V	ENCSR526JRI	[2]	rep2_narrowpeaks	bed_narrowPeak	peaks	/targets/H3K9me3-mouse/	embryonic facial prominence	UBERON:0012314	tissue	embryonic	11.5	/organisms/mouse/
file-BbJV38j0p4Vy87y2Qb6vQ8QF	ENCSR526JRI	[1, 2]	pooled_narrowpeaks	bed_narrowPeak	peaks	/targets/H3K9me3-mouse/	embryonic facial prominence	UBERON:0012314	tissue	embryonic	11.5	/organisms/mouse/
file-BbJQV8Q04xy90ZkkvJfJ4p4y	ENCSR526JRI	[1]	rep1_gappedpeaks	bed_gappedPeak	peaks	/targets/H3K9me3-mouse/	embryonic facial prominence	UBERON:0012314	tissue	embryonic	11.5	/organisms/mouse/
file-BbJQPZj0vp54BBKZKJ6ZGJk7	ENCSR526JRI	[2]	rep2_gappedpeaks	bed_gappedPeak	peaks	/targets/H3K9me3-mouse/	embryonic facial prominence	UBERON:0012314	tissue	embryonic	11.5	/organisms/mouse/
file-BbJV3900p4Vb7KpkPx6qfg6z	ENCSR526JRI	[1, 2]	pooled_gappedpeaks	bed_gappedPeak	peaks	/targets/H3K9me3-mouse/	embryonic facial prominence	UBERON:0012314	tissue	embryonic	11.5	/organisms/mouse/
file-BbJV3zj0ZGkbJPFBXQj242Vg	ENCSR526JRI	[1, 2]	overlapping_peaks	bed_gappedPeak	replicated peaks	/targets/H3K9me3-mouse/	embryonic facial prominence	UBERON:0012314	tissue	embryonic	11.5	/organisms/mouse/
file-BbJV3jQ0XYV65fPgXk6X72Q8	ENCSR526JRI	[1, 2]	overlapping_peaks	bed_narrowPeak	replicated peaks	/targets/H3K9me3-mouse/	embryonic facial prominence	UBERON:0012314	tissue	embryonic	11.5	/organisms/mouse/
file-BbJQ23Q0jzv70G41V0jPYg4J	ENCSR531RZS	[1]	rep1_narrowpeaks	bed_narrowPeak	peaks	/targets/H3K27ac-mouse/	neural tube	UBERON:0001049	tissue	embryonic	11.5	/organisms/mouse/
file-BbJQ3Pj0xF7fxKk5yVf0j453	ENCSR531RZS	[2]	rep2_narrowpeaks	bed_narrowPeak	peaks	/targets/H3K27ac-mouse/	neural tube	UBERON:0001049	tissue	embryonic	11.5	/organisms/mouse/
file-BbJQZ1Q0GVYQZQYbbGjP2Q1J	ENCSR531RZS	[1, 2]	pooled_narrowpeaks	bed_narrowPeak	peaks	/targets/H3K27ac-mouse/	neural tube	UBERON:0001049	tissue	embryonic	11.5	/organisms/mouse/
file-BbJQ23Q0jzv70G41V0jPYg4P	ENCSR531RZS	[1]	rep1_gappedpeaks	bed_gappedPeak	peaks	/targets/H3K27ac-mouse/	neural tube	UBERON:0001049	tissue	embryonic	11.5	/organisms/mouse/
file-BbJQ3Pj0xF7k0ZkkvJfJ4f7F	ENCSR531RZS	[2]	rep2_gappedpeaks	bed_gappedPeak	peaks	/targets/H3K27ac-mouse/	neural tube	UBERON:0001049	tissue	embryonic	11.5	/organisms/mouse/
file-BbJQZ1Q0GVYQZQYbbGjP2Q1P	ENCSR531RZS	[1, 2]	pooled_gappedpeaks	bed_gappedPeak	peaks	/targets/H3K27ac-mouse/	neural tube	UBERON:0001049	tissue	embryonic	11.5	/organisms/mouse/
file-BbJQZzQ0FjqvqKPfqbf9z0pY	ENCSR531RZS	[1, 2]	overlapping_peaks	bed_gappedPeak	replicated peaks	/targets/H3K27ac-mouse/	neural tube	UBERON:0001049	tissue	embryonic	11.5	/organisms/mouse/
file-BbJQZfj0pqvP3xKg206xvx9Y	ENCSR531RZS	[1, 2]	overlapping_peaks	bed_narrowPeak	replicated peaks	/targets/H3K27ac-mouse/	neural tube	UBERON:0001049	tissue	embryonic	11.5	/organisms/mouse/
file-BbJJJBj0q37XB9K8186xbgFV	ENCSR535NVF	[1]	rep1_narrowpeaks	bed_narrowPeak	peaks	/targets/H3K36me3-mouse/	midbrain	UBERON:0001891	tissue	embryonic	11.5	/organisms/mouse/
file-BbJJKj001gJ5JPFBXQj23JZ0	ENCSR535NVF	[2]	rep2_narrowpeaks	bed_narrowPeak	peaks	/targets/H3K36me3-mouse/	midbrain	UBERON:0001891	tissue	embryonic	11.5	/organisms/mouse/
file-BbJJqV00J6pvJQ16Gx6V898F	ENCSR535NVF	[1, 2]	pooled_narrowpeaks	bed_narrowPeak	peaks	/targets/H3K36me3-mouse/	midbrain	UBERON:0001891	tissue	embryonic	11.5	/organisms/mouse/
file-BbJJJF00q37X7y9Y0Q6y5KfV	ENCSR535NVF	[1]	rep1_gappedpeaks	bed_gappedPeak	peaks	/targets/H3K36me3-mouse/	midbrain	UBERON:0001891	tissue	embryonic	11.5	/organisms/mouse/
file-BbJJKj801gJ97gFFVjj42X6P	ENCSR535NVF	[2]	rep2_gappedpeaks	bed_gappedPeak	peaks	/targets/H3K36me3-mouse/	midbrain	UBERON:0001891	tissue	embryonic	11.5	/organisms/mouse/
file-BbJJqV80J6py87y2Qb6vPZg6	ENCSR535NVF	[1, 2]	pooled_gappedpeaks	bed_gappedPeak	peaks	/targets/H3K36me3-mouse/	midbrain	UBERON:0001891	tissue	embryonic	11.5	/organisms/mouse/
file-BbJJv5j00J690ZkkvJfJ45kG	ENCSR535NVF	[1, 2]	overlapping_peaks	bed_gappedPeak	replicated peaks	/targets/H3K36me3-mouse/	midbrain	UBERON:0001891	tissue	embryonic	11.5	/organisms/mouse/
file-BbJJv2Q0YP3ZBBKZKJ6ZFy2k	ENCSR535NVF	[1, 2]	overlapping_peaks	bed_narrowPeak	replicated peaks	/targets/H3K36me3-mouse/	midbrain	UBERON:0001891	tissue	embryonic	11.5	/organisms/mouse/
file-BbJJZp002v9gYg8vY8jJ4zp0	ENCSR545BRW	[1]	rep1_narrowpeaks	bed_narrowPeak	peaks	/targets/H3K27me3-mouse/	midbrain	UBERON:0001891	tissue	embryonic	11.5	/organisms/mouse/
file-BbJJX680jkVk7gFFVjj42bQK	ENCSR545BRW	[2]	rep2_narrowpeaks	bed_narrowPeak	peaks	/targets/H3K27me3-mouse/	midbrain	UBERON:0001891	tissue	embryonic	11.5	/organisms/mouse/
file-BbJK7B00j4597gFFVjj42g5x	ENCSR545BRW	[1, 2]	pooled_narrowpeaks	bed_narrowPeak	peaks	/targets/H3K27me3-mouse/	midbrain	UBERON:0001891	tissue	embryonic	11.5	/organisms/mouse/
file-BbJJZp802v9gYg8vY8jJ4zp2	ENCSR545BRW	[1]	rep1_gappedpeaks	bed_gappedPeak	peaks	/targets/H3K27me3-mouse/	midbrain	UBERON:0001891	tissue	embryonic	11.5	/organisms/mouse/
file-BbJJX6Q0jkVk7gFFVjj42bQQ	ENCSR545BRW	[2]	rep2_gappedpeaks	bed_gappedPeak	peaks	/targets/H3K27me3-mouse/	midbrain	UBERON:0001891	tissue	embryonic	11.5	/organisms/mouse/
file-BbJK7B00j450ZQYbbGjP1zz8	ENCSR545BRW	[1, 2]	pooled_gappedpeaks	bed_gappedPeak	peaks	/targets/H3K27me3-mouse/	midbrain	UBERON:0001891	tissue	embryonic	11.5	/organisms/mouse/
file-BbJK7zQ08k43jv51546bVFk4	ENCSR545BRW	[1, 2]	overlapping_peaks	bed_gappedPeak	replicated peaks	/targets/H3K27me3-mouse/	midbrain	UBERON:0001891	tissue	embryonic	11.5	/organisms/mouse/
file-BbJK7pj0v4PBgBQkPQj7Qx4V	ENCSR545BRW	[1, 2]	overlapping_peaks	bed_narrowPeak	replicated peaks	/targets/H3K27me3-mouse/	midbrain	UBERON:0001891	tissue	embryonic	11.5	/organisms/mouse/
file-BbJQ5X803jpP3xKg206xvqK8	ENCSR547PLI	[1]	rep1_narrowpeaks	bed_narrowPeak	peaks	/targets/H3K9ac-mouse/	neural tube	UBERON:0001049	tissue	embryonic	11.5	/organisms/mouse/
file-BbJQ3780JYjGqKPfqbf9yxx3	ENCSR547PLI	[2]	rep2_narrowpeaks	bed_narrowPeak	peaks	/targets/H3K9ac-mouse/	neural tube	UBERON:0001049	tissue	embryonic	11.5	/organisms/mouse/
file-BbJQj4Q0q68f5fPgXk6X717X	ENCSR547PLI	[1, 2]	pooled_narrowpeaks	bed_narrowPeak	peaks	/targets/H3K9ac-mouse/	neural tube	UBERON:0001049	tissue	embryonic	11.5	/organisms/mouse/
file-BbJQ5X803jp5XYKp2v6Z0xGZ	ENCSR547PLI	[1]	rep1_gappedpeaks	bed_gappedPeak	peaks	/targets/H3K9ac-mouse/	neural tube	UBERON:0001049	tissue	embryonic	11.5	/organisms/mouse/
file-BbJQ3780JYj2q06vzVf76qZq	ENCSR547PLI	[2]	rep2_gappedpeaks	bed_gappedPeak	peaks	/targets/H3K9ac-mouse/	neural tube	UBERON:0001049	tissue	embryonic	11.5	/organisms/mouse/
file-BbJQj4j0q68vJQ16Gx6V8vjV	ENCSR547PLI	[1, 2]	pooled_gappedpeaks	bed_gappedPeak	peaks	/targets/H3K9ac-mouse/	neural tube	UBERON:0001049	tissue	embryonic	11.5	/organisms/mouse/
file-BbJQjq00ZJvkbyg0Jb6z3z9X	ENCSR547PLI	[1, 2]	overlapping_peaks	bed_gappedPeak	replicated peaks	/targets/H3K9ac-mouse/	neural tube	UBERON:0001049	tissue	embryonic	11.5	/organisms/mouse/
file-BbJQjbQ00gj4BBKZKJ6ZGKfJ	ENCSR547PLI	[1, 2]	overlapping_peaks	bed_narrowPeak	replicated peaks	/targets/H3K9ac-mouse/	neural tube	UBERON:0001049	tissue	embryonic	11.5	/organisms/mouse/
file-BbJJYy804yJb7KpkPx6qbvY3	ENCSR548BCO	[1]	rep1_narrowpeaks	bed_narrowPeak	peaks	/targets/H3K4me1-mouse/	limb	UBERON:0002101	tissue	embryonic	11.5	/organisms/mouse/
file-BbJJYG00Y13vqKPfqbf9yKp0	ENCSR548BCO	[2]	rep2_narrowpeaks	bed_narrowPeak	peaks	/targets/H3K4me1-mouse/	limb	UBERON:0002101	tissue	embryonic	11.5	/organisms/mouse/
file-BbJKF8809J565fPgXk6X6XFk	ENCSR548BCO	[1, 2]	pooled_narrowpeaks	bed_narrowPeak	peaks	/targets/H3K4me1-mouse/	limb	UBERON:0002101	tissue	embryonic	11.5	/organisms/mouse/
file-BbJJYyQ04yJf5fPgXk6X6PXf	ENCSR548BCO	[1]	rep1_gappedpeaks	bed_gappedPeak	peaks	/targets/H3K4me1-mouse/	limb	UBERON:0002101	tissue	embryonic	11.5	/organisms/mouse/
file-BbJJYG80Y13b97VzpxfKZ8vb	ENCSR548BCO	[2]	rep2_gappedpeaks	bed_gappedPeak	peaks	/targets/H3K4me1-mouse/	limb	UBERON:0002101	tissue	embryonic	11.5	/organisms/mouse/
file-BbJKF8Q09J5K87y2Qb6vPfBB	ENCSR548BCO	[1, 2]	pooled_gappedpeaks	bed_gappedPeak	peaks	/targets/H3K4me1-mouse/	limb	UBERON:0002101	tissue	embryonic	11.5	/organisms/mouse/
file-BbJKG5001g5jvYJq606b476Z	ENCSR548BCO	[1, 2]	overlapping_peaks	bed_gappedPeak	replicated peaks	/targets/H3K4me1-mouse/	limb	UBERON:0002101	tissue	embryonic	11.5	/organisms/mouse/
file-BbJKFqj0g75QZQYbbGjP20Gq	ENCSR548BCO	[1, 2]	overlapping_peaks	bed_narrowPeak	replicated peaks	/targets/H3K4me1-mouse/	limb	UBERON:0002101	tissue	embryonic	11.5	/organisms/mouse/
file-BbJPb3004f9PP3v8P56XvV5y	ENCSR592GQI	[1]	rep1_narrowpeaks	bed_narrowPeak	peaks	/targets/H3K4me3-mouse/	heart	UBERON:0000948	tissue	embryonic	11.5	/organisms/mouse/
file-BbJPfV00vV2Z8B573v6YKZj9	ENCSR592GQI	[2]	rep2_narrowpeaks	bed_narrowPeak	peaks	/targets/H3K4me3-mouse/	heart	UBERON:0000948	tissue	embryonic	11.5	/organisms/mouse/
file-BbJQ5Vj0jBY8vYJq606b4XbZ	ENCSR592GQI	[1, 2]	pooled_narrowpeaks	bed_narrowPeak	peaks	/targets/H3K4me3-mouse/	heart	UBERON:0000948	tissue	embryonic	11.5	/organisms/mouse/
file-BbJPb3004f9K87y2Qb6vQ55Z	ENCSR592GQI	[1]	rep1_gappedpeaks	bed_gappedPeak	peaks	/targets/H3K4me3-mouse/	heart	UBERON:0000948	tissue	embryonic	11.5	/organisms/mouse/
file-BbJPfV00vV2Z8B573v6YKZjF	ENCSR592GQI	[2]	rep2_gappedpeaks	bed_gappedPeak	peaks	/targets/H3K4me3-mouse/	heart	UBERON:0000948	tissue	embryonic	11.5	/organisms/mouse/
file-BbJQ5X00jBYP3xKg206xvqK6	ENCSR592GQI	[1, 2]	pooled_gappedpeaks	bed_gappedPeak	peaks	/targets/H3K4me3-mouse/	heart	UBERON:0000948	tissue	embryonic	11.5	/organisms/mouse/
file-BbJQ6P002XZ4BBKZKJ6ZGGgy	ENCSR592GQI	[1, 2]	overlapping_peaks	bed_gappedPeak	replicated peaks	/targets/H3K4me3-mouse/	heart	UBERON:0000948	tissue	embryonic	11.5	/organisms/mouse/
file-BbJQ6Bj00xv2q06vzVf76qxZ	ENCSR592GQI	[1, 2]	overlapping_peaks	bed_narrowPeak	replicated peaks	/targets/H3K4me3-mouse/	heart	UBERON:0000948	tissue	embryonic	11.5	/organisms/mouse/
file-BbJJfzj0JJZy87y2Qb6vPZQk	ENCSR631KAJ	[1]	rep1_narrowpeaks	bed_narrowPeak	peaks	/targets/H3K36me3-mouse/	heart	UBERON:0000948	tissue	embryonic	11.5	/organisms/mouse/
file-BbJJj080KzybXYKp2v6Z0F9z	ENCSR631KAJ	[2]	rep2_narrowpeaks	bed_narrowPeak	peaks	/targets/H3K36me3-mouse/	heart	UBERON:0000948	tissue	embryonic	11.5	/organisms/mouse/
file-BbJKKX80BJybXYKp2v6Z0Pkv	ENCSR631KAJ	[1, 2]	pooled_narrowpeaks	bed_narrowPeak	peaks	/targets/H3K36me3-mouse/	heart	UBERON:0000948	tissue	embryonic	11.5	/organisms/mouse/
file-BbJJg000JJZvJQ16Gx6V8934	ENCSR631KAJ	[1]	rep1_gappedpeaks	bed_gappedPeak	peaks	/targets/H3K36me3-mouse/	heart	UBERON:0000948	tissue	embryonic	11.5	/organisms/mouse/
file-BbJJj0Q0KzyjvYJq606b3y64	ENCSR631KAJ	[2]	rep2_gappedpeaks	bed_gappedPeak	peaks	/targets/H3K36me3-mouse/	heart	UBERON:0000948	tissue	embryonic	11.5	/organisms/mouse/
file-BbJKKX80BJyjvYJq606b47YK	ENCSR631KAJ	[1, 2]	pooled_gappedpeaks	bed_gappedPeak	peaks	/targets/H3K36me3-mouse/	heart	UBERON:0000948	tissue	embryonic	11.5	/organisms/mouse/
file-BbJKPB00zjxjvYJq606b47pf	ENCSR631KAJ	[1, 2]	overlapping_peaks	bed_gappedPeak	replicated peaks	/targets/H3K36me3-mouse/	heart	UBERON:0000948	tissue	embryonic	11.5	/organisms/mouse/
file-BbJKP7Q0YyK2B9K8186xf5Yq	ENCSR631KAJ	[1, 2]	overlapping_peaks	bed_narrowPeak	replicated peaks	/targets/H3K36me3-mouse/	heart	UBERON:0000948	tissue	embryonic	11.5	/organisms/mouse/
file-BbJPxFj0vK9g13YqZ8j8x0v4	ENCSR654VMK	[1]	rep1_narrowpeaks	bed_narrowPeak	peaks	/targets/H3K4me3-mouse/	limb	UBERON:0002101	tissue	embryonic	11.5	/organisms/mouse/
file-BbJPkvQ0v3z1k1P6zj639vP5	ENCSR654VMK	[2]	rep2_narrowpeaks	bed_narrowPeak	peaks	/targets/H3K4me3-mouse/	limb	UBERON:0002101	tissue	embryonic	11.5	/organisms/mouse/
file-BbJQK4j0XQqK87y2Qb6vQ6kx	ENCSR654VMK	[1, 2]	pooled_narrowpeaks	bed_narrowPeak	peaks	/targets/H3K4me3-mouse/	limb	UBERON:0002101	tissue	embryonic	11.5	/organisms/mouse/
file-BbJPxFj0vK9g13YqZ8j8x0v6	ENCSR654VMK	[1]	rep1_gappedpeaks	bed_gappedPeak	peaks	/targets/H3K4me3-mouse/	limb	UBERON:0002101	tissue	embryonic	11.5	/organisms/mouse/
file-BbJPkvQ0v3z3jv51546bVyYY	ENCSR654VMK	[2]	rep2_gappedpeaks	bed_gappedPeak	peaks	/targets/H3K4me3-mouse/	limb	UBERON:0002101	tissue	embryonic	11.5	/organisms/mouse/
file-BbJQK4j0XQqK87y2Qb6vQ6kz	ENCSR654VMK	[1, 2]	pooled_gappedpeaks	bed_gappedPeak	peaks	/targets/H3K4me3-mouse/	limb	UBERON:0002101	tissue	embryonic	11.5	/organisms/mouse/
file-BbJQKjQ0zVpX7y9Y0Q6y6610	ENCSR654VMK	[1, 2]	overlapping_peaks	bed_gappedPeak	replicated peaks	/targets/H3K4me3-mouse/	limb	UBERON:0002101	tissue	embryonic	11.5	/organisms/mouse/
file-BbJQKYj0xb0XB9K8186xfPG7	ENCSR654VMK	[1, 2]	overlapping_peaks	bed_narrowPeak	replicated peaks	/targets/H3K4me3-mouse/	limb	UBERON:0002101	tissue	embryonic	11.5	/organisms/mouse/
file-BbJQZG80Y4Q48B573v6YKkvJ	ENCSR693UWX	[1]	rep1_narrowpeaks	bed_narrowPeak	peaks	/targets/H3K4me2-mouse/	liver	UBERON:0002107	tissue	embryonic	11.5	/organisms/mouse/
file-BbJQjY00Zjxg0G41V0jPYjbQ	ENCSR693UWX	[2]	rep2_narrowpeaks	bed_narrowPeak	peaks	/targets/H3K4me2-mouse/	liver	UBERON:0002107	tissue	embryonic	11.5	/organisms/mouse/
file-BbJVBPQ0Bb33x0GZkJfK6GBX	ENCSR693UWX	[1, 2]	pooled_narrowpeaks	bed_narrowPeak	peaks	/targets/H3K4me2-mouse/	liver	UBERON:0002107	tissue	embryonic	11.5	/organisms/mouse/
file-BbJQZGQ0Y4QP3xKg206xvx2J	ENCSR693UWX	[1]	rep1_gappedpeaks	bed_gappedPeak	peaks	/targets/H3K4me2-mouse/	liver	UBERON:0002107	tissue	embryonic	11.5	/organisms/mouse/
file-BbJQjY80Zjxk7gFFVjj43BpV	ENCSR693UWX	[2]	rep2_gappedpeaks	bed_gappedPeak	peaks	/targets/H3K4me2-mouse/	liver	UBERON:0002107	tissue	embryonic	11.5	/organisms/mouse/
file-BbJVBPj0Bb32q06vzVf7703k	ENCSR693UWX	[1, 2]	pooled_gappedpeaks	bed_gappedPeak	peaks	/targets/H3K4me2-mouse/	liver	UBERON:0002107	tissue	embryonic	11.5	/organisms/mouse/
file-BbJVFQj0Y3ZjqQ8jQ8jFG08Q	ENCSR693UWX	[1, 2]	overlapping_peaks	bed_gappedPeak	replicated peaks	/targets/H3K4me2-mouse/	liver	UBERON:0002107	tissue	embryonic	11.5	/organisms/mouse/
file-BbJVFPQ00VQGJQ16Gx6V8xzy	ENCSR693UWX	[1, 2]	overlapping_peaks	bed_narrowPeak	replicated peaks	/targets/H3K4me2-mouse/	liver	UBERON:0002107	tissue	embryonic	11.5	/organisms/mouse/
file-BbJJbKQ0G5zgYg8vY8jJ4zpv	ENCSR695FPP	[1]	rep1_narrowpeaks	bed_narrowPeak	peaks	/targets/H3K4me1-mouse/	hindbrain	UBERON:0002028	tissue	embryonic	11.5	/organisms/mouse/
file-BbJJfqQ0vX73v9pXVb6f4FJ1	ENCSR695FPP	[2]	rep2_narrowpeaks	bed_narrowPeak	peaks	/targets/H3K4me1-mouse/	hindbrain	UBERON:0002028	tissue	embryonic	11.5	/organisms/mouse/
file-BbJKF3Q078JP3xKg206xvKbF	ENCSR695FPP	[1, 2]	pooled_narrowpeaks	bed_narrowPeak	peaks	/targets/H3K4me1-mouse/	hindbrain	UBERON:0002028	tissue	embryonic	11.5	/organisms/mouse/
file-BbJJbKj0G5zjqQ8jQ8jFF8P8	ENCSR695FPP	[1]	rep1_gappedpeaks	bed_gappedPeak	peaks	/targets/H3K4me1-mouse/	hindbrain	UBERON:0002028	tissue	embryonic	11.5	/organisms/mouse/
file-BbJJfqQ0vX757KpkPx6qbxXb	ENCSR695FPP	[2]	rep2_gappedpeaks	bed_gappedPeak	peaks	/targets/H3K4me1-mouse/	hindbrain	UBERON:0002028	tissue	embryonic	11.5	/organisms/mouse/
file-BbJKF3j078J5XYKp2v6Z0Kf9	ENCSR695FPP	[1, 2]	pooled_gappedpeaks	bed_gappedPeak	peaks	/targets/H3K4me1-mouse/	hindbrain	UBERON:0002028	tissue	embryonic	11.5	/organisms/mouse/
file-BbJKGK0007q4BBKZKJ6ZG0G4	ENCSR695FPP	[1, 2]	overlapping_peaks	bed_gappedPeak	replicated peaks	/targets/H3K4me1-mouse/	hindbrain	UBERON:0002028	tissue	embryonic	11.5	/organisms/mouse/
file-BbJKFg80K1Y2q06vzVf76F1k	ENCSR695FPP	[1, 2]	overlapping_peaks	bed_narrowPeak	replicated peaks	/targets/H3K4me1-mouse/	hindbrain	UBERON:0002028	tissue	embryonic	11.5	/organisms/mouse/
file-BbJJZ9j042YVGFXkx9fK7Vkf	ENCSR701GKO	[1]	rep1_narrowpeaks	bed_narrowPeak	peaks	/targets/H3K27me3-mouse/	embryonic facial prominence	UBERON:0012314	tissue	embryonic	11.5	/organisms/mouse/
file-BbJJgZj050G4BBKZKJ6ZFxxP	ENCSR701GKO	[2]	rep2_narrowpeaks	bed_narrowPeak	peaks	/targets/H3K27me3-mouse/	embryonic facial prominence	UBERON:0012314	tissue	embryonic	11.5	/organisms/mouse/
file-BbJK94Q0ybxy87y2Qb6vPf2G	ENCSR701GKO	[1, 2]	pooled_narrowpeaks	bed_narrowPeak	peaks	/targets/H3K27me3-mouse/	embryonic facial prominence	UBERON:0012314	tissue	embryonic	11.5	/organisms/mouse/
file-BbJJZ9j042YvqKPfqbf9yKpx	ENCSR701GKO	[1]	rep1_gappedpeaks	bed_gappedPeak	peaks	/targets/H3K27me3-mouse/	embryonic facial prominence	UBERON:0012314	tissue	embryonic	11.5	/organisms/mouse/
file-BbJJgZj050G3v9pXVb6f4FbP	ENCSR701GKO	[2]	rep2_gappedpeaks	bed_gappedPeak	peaks	/targets/H3K27me3-mouse/	embryonic facial prominence	UBERON:0012314	tissue	embryonic	11.5	/organisms/mouse/
file-BbJK94Q0ybxy87y2Qb6vPf2P	ENCSR701GKO	[1, 2]	pooled_gappedpeaks	bed_gappedPeak	peaks	/targets/H3K27me3-mouse/	embryonic facial prominence	UBERON:0012314	tissue	embryonic	11.5	/organisms/mouse/
file-BbJK9vj0jB3vqKPfqbf9yVjk	ENCSR701GKO	[1, 2]	overlapping_peaks	bed_gappedPeak	replicated peaks	/targets/H3K27me3-mouse/	embryonic facial prominence	UBERON:0012314	tissue	embryonic	11.5	/organisms/mouse/
file-BbJK9b80JYZ8vYJq606b46qG	ENCSR701GKO	[1, 2]	overlapping_peaks	bed_narrowPeak	replicated peaks	/targets/H3K27me3-mouse/	embryonic facial prominence	UBERON:0012314	tissue	embryonic	11.5	/organisms/mouse/
file-BbJQgfQ0ZBBGqKPfqbf9z0x7	ENCSR734IEL	[1]	rep1_narrowpeaks	bed_narrowPeak	peaks	/targets/H3K9ac-mouse/	hindbrain	UBERON:0002028	tissue	embryonic	11.5	/organisms/mouse/
file-BbJQj500kv2f5fPgXk6X717Z	ENCSR734IEL	[2]	rep2_narrowpeaks	bed_narrowPeak	peaks	/targets/H3K9ac-mouse/	hindbrain	UBERON:0002028	tissue	embryonic	11.5	/organisms/mouse/
file-BbJVBy80GYb4BBKZKJ6ZGQfx	ENCSR734IEL	[1, 2]	pooled_narrowpeaks	bed_narrowPeak	peaks	/targets/H3K9ac-mouse/	hindbrain	UBERON:0002028	tissue	embryonic	11.5	/organisms/mouse/
file-BbJQgfj0ZBB3x0GZkJfK6F9Z	ENCSR734IEL	[1]	rep1_gappedpeaks	bed_gappedPeak	peaks	/targets/H3K9ac-mouse/	hindbrain	UBERON:0002028	tissue	embryonic	11.5	/organisms/mouse/
file-BbJQj500kv2kbyg0Jb6z3z1g	ENCSR734IEL	[2]	rep2_gappedpeaks	bed_gappedPeak	peaks	/targets/H3K9ac-mouse/	hindbrain	UBERON:0002028	tissue	embryonic	11.5	/organisms/mouse/
file-BbJVBy80GYbK87y2Qb6vQ99X	ENCSR734IEL	[1, 2]	pooled_gappedpeaks	bed_gappedPeak	peaks	/targets/H3K9ac-mouse/	hindbrain	UBERON:0002028	tissue	embryonic	11.5	/organisms/mouse/
file-BbJVFf00k2X0q5VBp5f2BxyY	ENCSR734IEL	[1, 2]	overlapping_peaks	bed_gappedPeak	replicated peaks	/targets/H3K9ac-mouse/	hindbrain	UBERON:0002028	tissue	embryonic	11.5	/organisms/mouse/
file-BbJVFVQ0B1X65fPgXk6X72p9	ENCSR734IEL	[1, 2]	overlapping_peaks	bed_narrowPeak	replicated peaks	/targets/H3K9ac-mouse/	hindbrain	UBERON:0002028	tissue	embryonic	11.5	/organisms/mouse/
file-BbJjJYQ07Yp3jv51546bYXJ9	ENCSR739DVM	[1]	rep1_narrowpeaks	bed_narrowPeak	peaks	/targets/H3K4me3-mouse/	forebrain	UBERON:0001890	tissue	embryonic	11.5	/organisms/mouse/
file-BbJjGqj0yg6X7y9Y0Q6y7Bfp	ENCSR739DVM	[2]	rep2_narrowpeaks	bed_narrowPeak	peaks	/targets/H3K4me3-mouse/	forebrain	UBERON:0001890	tissue	embryonic	11.5	/organisms/mouse/
file-BbJjxp00GkZf5fPgXk6X9GkZ	ENCSR739DVM	[1, 2]	pooled_narrowpeaks	bed_narrowPeak	peaks	/targets/H3K4me3-mouse/	forebrain	UBERON:0001890	tissue	embryonic	11.5	/organisms/mouse/
file-BbJjJYj07Yp3jv51546bYXJJ	ENCSR739DVM	[1]	rep1_gappedpeaks	bed_gappedPeak	peaks	/targets/H3K4me3-mouse/	forebrain	UBERON:0001890	tissue	embryonic	11.5	/organisms/mouse/
file-BbJjGv00yg6X7y9Y0Q6y7Bfv	ENCSR739DVM	[2]	rep2_gappedpeaks	bed_gappedPeak	peaks	/targets/H3K4me3-mouse/	forebrain	UBERON:0001890	tissue	embryonic	11.5	/organisms/mouse/
file-BbJjxp00GkZy87y2Qb6vX0FP	ENCSR739DVM	[1, 2]	pooled_gappedpeaks	bed_gappedPeak	peaks	/targets/H3K4me3-mouse/	forebrain	UBERON:0001890	tissue	embryonic	11.5	/organisms/mouse/
file-BbJjyp000FJvJQ16Gx6VBFBx	ENCSR739DVM	[1, 2]	overlapping_peaks	bed_gappedPeak	replicated peaks	/targets/H3K4me3-mouse/	forebrain	UBERON:0001890	tissue	embryonic	11.5	/organisms/mouse/
file-BbJjygj0P8Z3x0GZkJfK88kf	ENCSR739DVM	[1, 2]	overlapping_peaks	bed_narrowPeak	replicated peaks	/targets/H3K4me3-mouse/	forebrain	UBERON:0001890	tissue	embryonic	11.5	/organisms/mouse/
file-BbJQv7Q07kV0q5VBp5f2BxFG	ENCSR748BQH	[1]	rep1_narrowpeaks	bed_narrowPeak	peaks	/targets/H3K4me2-mouse/	heart	UBERON:0000948	tissue	embryonic	11.5	/organisms/mouse/
file-BbJQv7j0XYj1GFXkx9fK8J7Q	ENCSR748BQH	[2]	rep2_narrowpeaks	bed_narrowPeak	peaks	/targets/H3K4me2-mouse/	heart	UBERON:0000948	tissue	embryonic	11.5	/organisms/mouse/
file-BbJVVG00Kj948B573v6YKv67	ENCSR748BQH	[1, 2]	pooled_narrowpeaks	bed_narrowPeak	peaks	/targets/H3K4me2-mouse/	heart	UBERON:0000948	tissue	embryonic	11.5	/organisms/mouse/
file-BbJQv7Q07kV90ZkkvJfJ4pyQ	ENCSR748BQH	[1]	rep1_gappedpeaks	bed_gappedPeak	peaks	/targets/H3K4me2-mouse/	heart	UBERON:0000948	tissue	embryonic	11.5	/organisms/mouse/
file-BbJQv7j0XYj2q06vzVf76zVX	ENCSR748BQH	[2]	rep2_gappedpeaks	bed_gappedPeak	peaks	/targets/H3K4me2-mouse/	heart	UBERON:0000948	tissue	embryonic	11.5	/organisms/mouse/
file-BbJVVG00Kj95XYKp2v6Z0z2k	ENCSR748BQH	[1, 2]	pooled_gappedpeaks	bed_gappedPeak	peaks	/targets/H3K4me2-mouse/	heart	UBERON:0000948	tissue	embryonic	11.5	/organisms/mouse/
file-BbJVX2Q0pQ8GqKPfqbf9z2KG	ENCSR748BQH	[1, 2]	overlapping_peaks	bed_gappedPeak	replicated peaks	/targets/H3K4me2-mouse/	heart	UBERON:0000948	tissue	embryonic	11.5	/organisms/mouse/
file-BbJVVz80KVQ4BBKZKJ6ZGQy7	ENCSR748BQH	[1, 2]	overlapping_peaks	bed_narrowPeak	replicated peaks	/targets/H3K4me2-mouse/	heart	UBERON:0000948	tissue	embryonic	11.5	/organisms/mouse/
file-BbJQxb80qq8kbyg0Jb6z3zjz	ENCSR751HEG	[1]	rep1_narrowpeaks	bed_narrowPeak	peaks	/targets/H3K9ac-mouse/	heart	UBERON:0000948	tissue	embryonic	11.5	/organisms/mouse/
file-BbJQjy80pKyk0ZkkvJfJ4pYj	ENCSR751HEG	[2]	rep2_narrowpeaks	bed_narrowPeak	peaks	/targets/H3K9ac-mouse/	heart	UBERON:0000948	tissue	embryonic	11.5	/organisms/mouse/
file-BbJVPJQ04J297gFFVjj43FX3	ENCSR751HEG	[1, 2]	pooled_narrowpeaks	bed_narrowPeak	peaks	/targets/H3K9ac-mouse/	heart	UBERON:0000948	tissue	embryonic	11.5	/organisms/mouse/
file-BbJQxbQ0qq8Yv9pXVb6f5Fxx	ENCSR751HEG	[1]	rep1_gappedpeaks	bed_gappedPeak	peaks	/targets/H3K9ac-mouse/	heart	UBERON:0000948	tissue	embryonic	11.5	/organisms/mouse/
file-BbJQjyQ0pKyk0ZkkvJfJ4pYp	ENCSR751HEG	[2]	rep2_gappedpeaks	bed_gappedPeak	peaks	/targets/H3K9ac-mouse/	heart	UBERON:0000948	tissue	embryonic	11.5	/organisms/mouse/
file-BbJVPJQ04J28qQ8jQ8jFG0B8	ENCSR751HEG	[1, 2]	pooled_gappedpeaks	bed_gappedPeak	peaks	/targets/H3K9ac-mouse/	heart	UBERON:0000948	tissue	embryonic	11.5	/organisms/mouse/
file-BbJVQ5002Y048B573v6YKv5v	ENCSR751HEG	[1, 2]	overlapping_peaks	bed_gappedPeak	replicated peaks	/targets/H3K9ac-mouse/	heart	UBERON:0000948	tissue	embryonic	11.5	/organisms/mouse/
file-BbJVQ080jbYg0G41V0jPYkFY	ENCSR751HEG	[1, 2]	overlapping_peaks	bed_narrowPeak	replicated peaks	/targets/H3K9ac-mouse/	heart	UBERON:0000948	tissue	embryonic	11.5	/organisms/mouse/
file-BbJV39Q0FFY65fPgXk6X728z	ENCSR846ZCW	[1]	rep1_narrowpeaks	bed_narrowPeak	peaks	/targets/H3K9me3-mouse/	liver	UBERON:0002107	tissue	embryonic	11.5	/organisms/mouse/
file-BbJV7f801jxg13YqZ8j8x4Gv	ENCSR846ZCW	[2]	rep2_narrowpeaks	bed_narrowPeak	peaks	/targets/H3K9me3-mouse/	liver	UBERON:0002107	tissue	embryonic	11.5	/organisms/mouse/
file-BbJVqb00XvKpgBQkPQj7Vgf9	ENCSR846ZCW	[1, 2]	pooled_narrowpeaks	bed_narrowPeak	peaks	/targets/H3K9me3-mouse/	liver	UBERON:0002107	tissue	embryonic	11.5	/organisms/mouse/
file-BbJV39j0FFYGJQ16Gx6V8xPP	ENCSR846ZCW	[1]	rep1_gappedpeaks	bed_gappedPeak	peaks	/targets/H3K9me3-mouse/	liver	UBERON:0002107	tissue	embryonic	11.5	/organisms/mouse/
file-BbJV7f801jxg0G41V0jPYk7v	ENCSR846ZCW	[2]	rep2_gappedpeaks	bed_gappedPeak	peaks	/targets/H3K9me3-mouse/	liver	UBERON:0002107	tissue	embryonic	11.5	/organisms/mouse/
file-BbJVqb00XvKbJPFBXQj243k1	ENCSR846ZCW	[1, 2]	pooled_gappedpeaks	bed_gappedPeak	peaks	/targets/H3K9me3-mouse/	liver	UBERON:0002107	tissue	embryonic	11.5	/organisms/mouse/
file-BbJVvFj0k0fXB9K8186xfX4Z	ENCSR846ZCW	[1, 2]	overlapping_peaks	bed_gappedPeak	replicated peaks	/targets/H3K9me3-mouse/	liver	UBERON:0002107	tissue	embryonic	11.5	/organisms/mouse/
file-BbJVv500QZf8qQ8jQ8jFG0p2	ENCSR846ZCW	[1, 2]	overlapping_peaks	bed_narrowPeak	replicated peaks	/targets/H3K9me3-mouse/	liver	UBERON:0002107	tissue	embryonic	11.5	/organisms/mouse/
file-BbJJqjj0Kz0QZQYbbGjP1y38	ENCSR871YCT	[1]	rep1_narrowpeaks	bed_narrowPeak	peaks	/targets/H3K36me3-mouse/	limb	UBERON:0002101	tissue	embryonic	11.5	/organisms/mouse/
file-BbJJxX00PFxk0ZkkvJfJ45qk	ENCSR871YCT	[2]	rep2_narrowpeaks	bed_narrowPeak	peaks	/targets/H3K36me3-mouse/	limb	UBERON:0002101	tissue	embryonic	11.5	/organisms/mouse/
file-BbJKY2j0Yvv7Yg8vY8jJ51x3	ENCSR871YCT	[1, 2]	pooled_narrowpeaks	bed_narrowPeak	peaks	/targets/H3K36me3-mouse/	limb	UBERON:0002101	tissue	embryonic	11.5	/organisms/mouse/
file-BbJJqk00Kz0k7gFFVjj42fBQ	ENCSR871YCT	[1]	rep1_gappedpeaks	bed_gappedPeak	peaks	/targets/H3K36me3-mouse/	limb	UBERON:0002101	tissue	embryonic	11.5	/organisms/mouse/
file-BbJJxX80PFxvqKPfqbf9yPF7	ENCSR871YCT	[2]	rep2_gappedpeaks	bed_gappedPeak	peaks	/targets/H3K36me3-mouse/	limb	UBERON:0002101	tissue	embryonic	11.5	/organisms/mouse/
file-BbJKY300Yvv70G41V0jPYK09	ENCSR871YCT	[1, 2]	pooled_gappedpeaks	bed_gappedPeak	peaks	/targets/H3K36me3-mouse/	limb	UBERON:0002101	tissue	embryonic	11.5	/organisms/mouse/
file-BbJKZ700zFvy87y2Qb6vPk1Z	ENCSR871YCT	[1, 2]	overlapping_peaks	bed_gappedPeak	replicated peaks	/targets/H3K36me3-mouse/	limb	UBERON:0002101	tissue	embryonic	11.5	/organisms/mouse/
file-BbJKYxQ0k04g13YqZ8j8vg1q	ENCSR871YCT	[1, 2]	overlapping_peaks	bed_narrowPeak	replicated peaks	/targets/H3K36me3-mouse/	limb	UBERON:0002101	tissue	embryonic	11.5	/organisms/mouse/
file-BbJV2GQ05Z03v9pXVb6f5G03	ENCSR886IHN	[1]	rep1_narrowpeaks	bed_narrowPeak	peaks	/targets/H3K4me1-mouse/	heart	UBERON:0000948	tissue	embryonic	11.5	/organisms/mouse/
file-BbJV45808vf2B9K8186xfQbP	ENCSR886IHN	[2]	rep2_narrowpeaks	bed_narrowPeak	peaks	/targets/H3K4me1-mouse/	heart	UBERON:0000948	tissue	embryonic	11.5	/organisms/mouse/
file-BbJVk0j0Fv2pgBQkPQj7VgZq	ENCSR886IHN	[1, 2]	pooled_narrowpeaks	bed_narrowPeak	peaks	/targets/H3K4me1-mouse/	heart	UBERON:0000948	tissue	embryonic	11.5	/organisms/mouse/
file-BbJV2Gj05Z04BBKZKJ6ZGQBv	ENCSR886IHN	[1]	rep1_gappedpeaks	bed_gappedPeak	peaks	/targets/H3K4me1-mouse/	heart	UBERON:0000948	tissue	embryonic	11.5	/organisms/mouse/
file-BbJV45Q08vf2B9K8186xfQbV	ENCSR886IHN	[2]	rep2_gappedpeaks	bed_gappedPeak	peaks	/targets/H3K4me1-mouse/	heart	UBERON:0000948	tissue	embryonic	11.5	/organisms/mouse/
file-BbJVk100Fv2bJPFBXQj243gb	ENCSR886IHN	[1, 2]	pooled_gappedpeaks	bed_gappedPeak	peaks	/targets/H3K4me1-mouse/	heart	UBERON:0000948	tissue	embryonic	11.5	/organisms/mouse/
file-BbJVp300G4f70G41V0jPYp3g	ENCSR886IHN	[1, 2]	overlapping_peaks	bed_gappedPeak	replicated peaks	/targets/H3K4me1-mouse/	heart	UBERON:0000948	tissue	embryonic	11.5	/organisms/mouse/
file-BbJVp100FyqQq5VBp5f2ByBy	ENCSR886IHN	[1, 2]	overlapping_peaks	bed_narrowPeak	replicated peaks	/targets/H3K4me1-mouse/	heart	UBERON:0000948	tissue	embryonic	11.5	/organisms/mouse/
file-BbJjgq8089zz3xKg206xyBpz	ENCSR894JAS	[1]	rep1_narrowpeaks	bed_narrowPeak	peaks	/targets/H3K9me3-mouse/	forebrain	UBERON:0001890	tissue	embryonic	11.5	/organisms/mouse/
file-BbJjgPj0Vj8GqKPfqbfB0186	ENCSR894JAS	[2]	rep2_narrowpeaks	bed_narrowPeak	peaks	/targets/H3K9me3-mouse/	forebrain	UBERON:0001890	tissue	embryonic	11.5	/organisms/mouse/
file-BbJkKq006x0g13YqZ8j90QV0	ENCSR894JAS	[1, 2]	pooled_narrowpeaks	bed_narrowPeak	peaks	/targets/H3K9me3-mouse/	forebrain	UBERON:0001890	tissue	embryonic	11.5	/organisms/mouse/
file-BbJjgqQ089zz3xKg206xyBq1	ENCSR894JAS	[1]	rep1_gappedpeaks	bed_gappedPeak	peaks	/targets/H3K9me3-mouse/	forebrain	UBERON:0001890	tissue	embryonic	11.5	/organisms/mouse/
file-BbJjgQ00Vj81GFXkx9fK9J5v	ENCSR894JAS	[2]	rep2_gappedpeaks	bed_gappedPeak	peaks	/targets/H3K9me3-mouse/	forebrain	UBERON:0001890	tissue	embryonic	11.5	/organisms/mouse/
file-BbJkKq006x0g13YqZ8j90QV2	ENCSR894JAS	[1, 2]	pooled_gappedpeaks	bed_gappedPeak	peaks	/targets/H3K9me3-mouse/	forebrain	UBERON:0001890	tissue	embryonic	11.5	/organisms/mouse/
file-BbJkQy009bK0ZQYbbGjP522K	ENCSR894JAS	[1, 2]	overlapping_peaks	bed_gappedPeak	replicated peaks	/targets/H3K9me3-mouse/	forebrain	UBERON:0001890	tissue	embryonic	11.5	/organisms/mouse/
file-BbJkPVj0p8b2q06vzVf79z4V	ENCSR894JAS	[1, 2]	overlapping_peaks	bed_narrowPeak	replicated peaks	/targets/H3K9me3-mouse/	forebrain	UBERON:0001890	tissue	embryonic	11.5	/organisms/mouse/
file-BbJV7y80GZGYjv51546bX4Q0	ENCSR897WBY	[1]	rep1_narrowpeaks	bed_narrowPeak	peaks	/targets/H3K27ac-mouse/	limb	UBERON:0002101	tissue	embryonic	11.5	/organisms/mouse/
file-BbJV4Q80Kbg27y9Y0Q6y67Qy	ENCSR897WBY	[2]	rep2_narrowpeaks	bed_narrowPeak	peaks	/targets/H3K27ac-mouse/	limb	UBERON:0002101	tissue	embryonic	11.5	/organisms/mouse/
file-BbJVZf000k3QZQYbbGjP2X8G	ENCSR897WBY	[1, 2]	pooled_narrowpeaks	bed_narrowPeak	peaks	/targets/H3K27ac-mouse/	limb	UBERON:0002101	tissue	embryonic	11.5	/organisms/mouse/
file-BbJV7yQ0GZGZ8B573v6YKqvX	ENCSR897WBY	[1]	rep1_gappedpeaks	bed_gappedPeak	peaks	/targets/H3K27ac-mouse/	limb	UBERON:0002101	tissue	embryonic	11.5	/organisms/mouse/
file-BbJV4QQ0KbgP3xKg206xvyfb	ENCSR897WBY	[2]	rep2_gappedpeaks	bed_gappedPeak	peaks	/targets/H3K27ac-mouse/	limb	UBERON:0002101	tissue	embryonic	11.5	/organisms/mouse/
file-BbJVZf800k3gYg8vY8jJ5bjB	ENCSR897WBY	[1, 2]	pooled_gappedpeaks	bed_gappedPeak	peaks	/targets/H3K27ac-mouse/	limb	UBERON:0002101	tissue	embryonic	11.5	/organisms/mouse/
file-BbJVbGQ0Yv3BgBQkPQj7VgZ3	ENCSR897WBY	[1, 2]	overlapping_peaks	bed_gappedPeak	replicated peaks	/targets/H3K27ac-mouse/	limb	UBERON:0002101	tissue	embryonic	11.5	/organisms/mouse/
file-BbJVb5801zZjvYJq606b4gK3	ENCSR897WBY	[1, 2]	overlapping_peaks	bed_narrowPeak	replicated peaks	/targets/H3K27ac-mouse/	limb	UBERON:0002101	tissue	embryonic	11.5	/organisms/mouse/
file-BbJV4g00qXV1k1P6zj63B04K	ENCSR928CYU	[1]	rep1_narrowpeaks	bed_narrowPeak	peaks	/targets/H3K4me3-mouse/	hindbrain	UBERON:0002028	tissue	embryonic	11.5	/organisms/mouse/
file-BbJV3pj0Yqj597VzpxfKb29g	ENCSR928CYU	[2]	rep2_narrowpeaks	bed_narrowPeak	peaks	/targets/H3K4me3-mouse/	hindbrain	UBERON:0002028	tissue	embryonic	11.5	/organisms/mouse/
file-BbJVX3j0b9zGqKPfqbf9z2Kf	ENCSR928CYU	[1, 2]	pooled_narrowpeaks	bed_narrowPeak	peaks	/targets/H3K4me3-mouse/	hindbrain	UBERON:0002028	tissue	embryonic	11.5	/organisms/mouse/
file-BbJV4g00qXV27y9Y0Q6y67V3	ENCSR928CYU	[1]	rep1_gappedpeaks	bed_gappedPeak	peaks	/targets/H3K4me3-mouse/	hindbrain	UBERON:0002028	tissue	embryonic	11.5	/organisms/mouse/
file-BbJV3pj0Yqj0q5VBp5f2BxVV	ENCSR928CYU	[2]	rep2_gappedpeaks	bed_gappedPeak	peaks	/targets/H3K4me3-mouse/	hindbrain	UBERON:0002028	tissue	embryonic	11.5	/organisms/mouse/
file-BbJVX3j0b9z1GFXkx9fK8K7G	ENCSR928CYU	[1, 2]	pooled_gappedpeaks	bed_gappedPeak	peaks	/targets/H3K4me3-mouse/	hindbrain	UBERON:0002028	tissue	embryonic	11.5	/organisms/mouse/
file-BbJVXj00J7pQZQYbbGjP2Vkv	ENCSR928CYU	[1, 2]	overlapping_peaks	bed_gappedPeak	replicated peaks	/targets/H3K4me3-mouse/	hindbrain	UBERON:0002028	tissue	embryonic	11.5	/organisms/mouse/
file-BbJVXXQ00j03x0GZkJfK6Gp4	ENCSR928CYU	[1, 2]	overlapping_peaks	bed_narrowPeak	replicated peaks	/targets/H3K4me3-mouse/	hindbrain	UBERON:0002028	tissue	embryonic	11.5	/organisms/mouse/
file-BbJJxx000P3Z8B573v6YJkYX	ENCSR932BNP	[1]	rep1_narrowpeaks	bed_narrowPeak	peaks	/targets/H3K36me3-mouse/	liver	UBERON:0002107	tissue	embryonic	11.5	/organisms/mouse/
file-BbJJxK00FVG3jv51546bVF2x	ENCSR932BNP	[2]	rep2_narrowpeaks	bed_narrowPeak	peaks	/targets/H3K36me3-mouse/	liver	UBERON:0002107	tissue	embryonic	11.5	/organisms/mouse/
file-BbJKZx80kjK90ZkkvJfJ4G8y	ENCSR932BNP	[1, 2]	pooled_narrowpeaks	bed_narrowPeak	peaks	/targets/H3K36me3-mouse/	liver	UBERON:0002107	tissue	embryonic	11.5	/organisms/mouse/
file-BbJJxx800P3z3xKg206xvG9Y	ENCSR932BNP	[1]	rep1_gappedpeaks	bed_gappedPeak	peaks	/targets/H3K36me3-mouse/	liver	UBERON:0002107	tissue	embryonic	11.5	/organisms/mouse/
file-BbJJxKQ0FVGP3xKg206xvG90	ENCSR932BNP	[2]	rep2_gappedpeaks	bed_gappedPeak	peaks	/targets/H3K36me3-mouse/	liver	UBERON:0002107	tissue	embryonic	11.5	/organisms/mouse/
file-BbJKZx80kjK6xKk5yVf0gjK7	ENCSR932BNP	[1, 2]	pooled_gappedpeaks	bed_gappedPeak	peaks	/targets/H3K36me3-mouse/	liver	UBERON:0002107	tissue	embryonic	11.5	/organisms/mouse/
file-BbJKbYj0GBbVGFXkx9fK7j41	ENCSR932BNP	[1, 2]	overlapping_peaks	bed_gappedPeak	replicated peaks	/targets/H3K36me3-mouse/	liver	UBERON:0002107	tissue	embryonic	11.5	/organisms/mouse/
file-BbJKbX00fB248B573v6YK2px	ENCSR932BNP	[1, 2]	overlapping_peaks	bed_narrowPeak	replicated peaks	/targets/H3K36me3-mouse/	liver	UBERON:0002107	tissue	embryonic	11.5	/organisms/mouse/
file-BbJKX880K41BgBQkPQj7Qy23	ENCSR944XPB	[1]	rep1_narrowpeaks	bed_narrowPeak	peaks	/targets/H3K27me3-mouse/	forebrain	UBERON:0001890	tissue	embryonic	11.5	/organisms/mouse/
file-BbJKb4Q0YqGg13YqZ8j8vg2k	ENCSR944XPB	[2]	rep2_narrowpeaks	bed_narrowPeak	peaks	/targets/H3K27me3-mouse/	forebrain	UBERON:0001890	tissue	embryonic	11.5	/organisms/mouse/
file-BbJPB00067Qf5fPgXk6X6vFq	ENCSR944XPB	[1, 2]	pooled_narrowpeaks	bed_narrowPeak	peaks	/targets/H3K27me3-mouse/	forebrain	UBERON:0001890	tissue	embryonic	11.5	/organisms/mouse/
file-BbJKX880K41BgBQkPQj7Qy26	ENCSR944XPB	[1]	rep1_gappedpeaks	bed_gappedPeak	peaks	/targets/H3K27me3-mouse/	forebrain	UBERON:0001890	tissue	embryonic	11.5	/organisms/mouse/
file-BbJKb4j0YqGg0G41V0jPYKK1	ENCSR944XPB	[2]	rep2_gappedpeaks	bed_gappedPeak	peaks	/targets/H3K27me3-mouse/	forebrain	UBERON:0001890	tissue	embryonic	11.5	/organisms/mouse/
file-BbJPB08067QZBBKZKJ6ZG99X	ENCSR944XPB	[1, 2]	pooled_gappedpeaks	bed_gappedPeak	peaks	/targets/H3K27me3-mouse/	forebrain	UBERON:0001890	tissue	embryonic	11.5	/organisms/mouse/
file-BbJPQF00Y31P3xKg206xvjkP	ENCSR944XPB	[1, 2]	overlapping_peaks	bed_gappedPeak	replicated peaks	/targets/H3K27me3-mouse/	forebrain	UBERON:0001890	tissue	embryonic	11.5	/organisms/mouse/
file-BbJPPvQ0Kj68vYJq606b4PYx	ENCSR944XPB	[1, 2]	overlapping_peaks	bed_narrowPeak	replicated peaks	/targets/H3K27me3-mouse/	forebrain	UBERON:0001890	tissue	embryonic	11.5	/organisms/mouse/
file-BbJVGV804XZK87y2Qb6vQ9Qp	ENCSR948RYN	[1]	rep1_narrowpeaks	bed_narrowPeak	peaks	/targets/H3K9ac-mouse/	liver	UBERON:0002107	tissue	embryonic	11.5	/organisms/mouse/
file-BbJVF18083ZbJPFBXQj242p9	ENCSR948RYN	[2]	rep2_narrowpeaks	bed_narrowPeak	peaks	/targets/H3K9ac-mouse/	liver	UBERON:0002107	tissue	embryonic	11.5	/organisms/mouse/
file-BbJVxj0086p4BBKZKJ6ZGVyb	ENCSR948RYN	[1, 2]	pooled_narrowpeaks	bed_narrowPeak	peaks	/targets/H3K9ac-mouse/	liver	UBERON:0002107	tissue	embryonic	11.5	/organisms/mouse/
file-BbJVGVQ04XZ3v9pXVb6f5G9y	ENCSR948RYN	[1]	rep1_gappedpeaks	bed_gappedPeak	peaks	/targets/H3K9ac-mouse/	liver	UBERON:0002107	tissue	embryonic	11.5	/organisms/mouse/
file-BbJVF18083ZpgBQkPQj7VfZV	ENCSR948RYN	[2]	rep2_gappedpeaks	bed_gappedPeak	peaks	/targets/H3K9ac-mouse/	liver	UBERON:0002107	tissue	embryonic	11.5	/organisms/mouse/
file-BbJVxj8086p9byg0Jb6z41Vv	ENCSR948RYN	[1, 2]	pooled_gappedpeaks	bed_gappedPeak	peaks	/targets/H3K9ac-mouse/	liver	UBERON:0002107	tissue	embryonic	11.5	/organisms/mouse/
file-BbJVz400GJbkbyg0Jb6z41y6	ENCSR948RYN	[1, 2]	overlapping_peaks	bed_gappedPeak	replicated peaks	/targets/H3K9ac-mouse/	liver	UBERON:0002107	tissue	embryonic	11.5	/organisms/mouse/
file-BbJVyfj057FYv9pXVb6f5J4B	ENCSR948RYN	[1, 2]	overlapping_peaks	bed_narrowPeak	replicated peaks	/targets/H3K9ac-mouse/	liver	UBERON:0002107	tissue	embryonic	11.5	/organisms/mouse/
file-BbJVZ180K2pb97VzpxfKb2Xp	ENCSR961MEP	[1]	rep1_narrowpeaks	bed_narrowPeak	peaks	/targets/H3K9me3-mouse/	limb	UBERON:0002101	tissue	embryonic	11.5	/organisms/mouse/
file-BbJVXQQ0bfX5JPFBXQj242yb	ENCSR961MEP	[2]	rep2_narrowpeaks	bed_narrowPeak	peaks	/targets/H3K9me3-mouse/	limb	UBERON:0002101	tissue	embryonic	11.5	/organisms/mouse/
file-BbJX3pQ00jkvJQ16Gx6V9062	ENCSR961MEP	[1, 2]	pooled_narrowpeaks	bed_narrowPeak	peaks	/targets/H3K9me3-mouse/	limb	UBERON:0002101	tissue	embryonic	11.5	/organisms/mouse/
file-BbJVZ180K2pXq06vzVf770vG	ENCSR961MEP	[1]	rep1_gappedpeaks	bed_gappedPeak	peaks	/targets/H3K9me3-mouse/	limb	UBERON:0002101	tissue	embryonic	11.5	/organisms/mouse/
file-BbJVXQQ0bfX7Yg8vY8jJ5bVQ	ENCSR961MEP	[2]	rep2_gappedpeaks	bed_gappedPeak	peaks	/targets/H3K9me3-mouse/	limb	UBERON:0002101	tissue	embryonic	11.5	/organisms/mouse/
file-BbJX3pj00jkvJQ16Gx6V9064	ENCSR961MEP	[1, 2]	pooled_gappedpeaks	bed_gappedPeak	peaks	/targets/H3K9me3-mouse/	limb	UBERON:0002101	tissue	embryonic	11.5	/organisms/mouse/
file-BbJX4Xj0f2y1k1P6zj63B29f	ENCSR961MEP	[1, 2]	overlapping_peaks	bed_gappedPeak	replicated peaks	/targets/H3K9me3-mouse/	limb	UBERON:0002101	tissue	embryonic	11.5	/organisms/mouse/
file-BbJX4Fj0g4gf5fPgXk6X74Gz	ENCSR961MEP	[1, 2]	overlapping_peaks	bed_narrowPeak	replicated peaks	/targets/H3K9me3-mouse/	limb	UBERON:0002101	tissue	embryonic	11.5	/organisms/mouse/
file-BbJK4Gj0ZFKGqKPfqbf9yVf3	ENCSR963OLG	[1]	rep1_narrowpeaks	bed_narrowPeak	peaks	/targets/H3K27me3-mouse/	heart	UBERON:0000948	tissue	embryonic	11.5	/organisms/mouse/
file-BbJK2G80FGZb97VzpxfKZB7J	ENCSR963OLG	[2]	rep2_narrowpeaks	bed_narrowPeak	peaks	/targets/H3K27me3-mouse/	heart	UBERON:0000948	tissue	embryonic	11.5	/organisms/mouse/
file-BbJKjYQ0x0p8qQ8jQ8jFFQP5	ENCSR963OLG	[1, 2]	pooled_narrowpeaks	bed_narrowPeak	peaks	/targets/H3K27me3-mouse/	heart	UBERON:0000948	tissue	embryonic	11.5	/organisms/mouse/
file-BbJK4J00ZFK6xKk5yVf0gY24	ENCSR963OLG	[1]	rep1_gappedpeaks	bed_gappedPeak	peaks	/targets/H3K27me3-mouse/	heart	UBERON:0000948	tissue	embryonic	11.5	/organisms/mouse/
file-BbJK2GQ0FGZYx0GZkJfK5kb2	ENCSR963OLG	[2]	rep2_gappedpeaks	bed_gappedPeak	peaks	/targets/H3K27me3-mouse/	heart	UBERON:0000948	tissue	embryonic	11.5	/organisms/mouse/
file-BbJKjYj0x0pBgBQkPQj7V2vZ	ENCSR963OLG	[1, 2]	pooled_gappedpeaks	bed_gappedPeak	peaks	/targets/H3K27me3-mouse/	heart	UBERON:0000948	tissue	embryonic	11.5	/organisms/mouse/
file-BbJKkXj0GPf6xKk5yVf0gkxb	ENCSR963OLG	[1, 2]	overlapping_peaks	bed_gappedPeak	replicated peaks	/targets/H3K27me3-mouse/	heart	UBERON:0000948	tissue	embryonic	11.5	/organisms/mouse/
file-BbJKkFj0ZG3ZBBKZKJ6ZG333	ENCSR963OLG	[1, 2]	overlapping_peaks	bed_narrowPeak	replicated peaks	/targets/H3K27me3-mouse/	heart	UBERON:0000948	tissue	embryonic	11.5	/organisms/mouse/
file-BbJKX8Q027FVk1P6zj639QG4	ENCSR975QSF	[1]	rep1_narrowpeaks	bed_narrowPeak	peaks	/targets/H3K4me1-mouse/	forebrain	UBERON:0001890	tissue	embryonic	11.5	/organisms/mouse/
file-BbJKY3j0yqKBgBQkPQj7Qy52	ENCSR975QSF	[2]	rep2_narrowpeaks	bed_narrowPeak	peaks	/targets/H3K4me1-mouse/	forebrain	UBERON:0001890	tissue	embryonic	11.5	/organisms/mouse/
file-BbJPGbQ0qYzZBBKZKJ6ZGByq	ENCSR975QSF	[1, 2]	pooled_narrowpeaks	bed_narrowPeak	peaks	/targets/H3K4me1-mouse/	forebrain	UBERON:0001890	tissue	embryonic	11.5	/organisms/mouse/
file-BbJKX8j027FbXYKp2v6Z0V9q	ENCSR975QSF	[1]	rep1_gappedpeaks	bed_gappedPeak	peaks	/targets/H3K4me1-mouse/	forebrain	UBERON:0001890	tissue	embryonic	11.5	/organisms/mouse/
file-BbJKY400yqK5JPFBXQj23Xjg	ENCSR975QSF	[2]	rep2_gappedpeaks	bed_gappedPeak	peaks	/targets/H3K4me1-mouse/	forebrain	UBERON:0001890	tissue	embryonic	11.5	/organisms/mouse/
file-BbJPGbj0qYzYv9pXVb6f5649	ENCSR975QSF	[1, 2]	pooled_gappedpeaks	bed_gappedPeak	peaks	/targets/H3K4me1-mouse/	forebrain	UBERON:0001890	tissue	embryonic	11.5	/organisms/mouse/
file-BbJPJY80g0pVk1P6zj639q9p	ENCSR975QSF	[1, 2]	overlapping_peaks	bed_gappedPeak	replicated peaks	/targets/H3K4me1-mouse/	forebrain	UBERON:0001890	tissue	embryonic	11.5	/organisms/mouse/
file-BbJPJ7006Zx3x0GZkJfK662P	ENCSR975QSF	[1, 2]	overlapping_peaks	bed_narrowPeak	replicated peaks	/targets/H3K4me1-mouse/	forebrain	UBERON:0001890	tissue	embryonic	11.5	/organisms/mouse/
